Token;LOC;PER;ORG;MISC
UNE;;;;
IE;;;;
toujours;;;;
;;;;
prete;;;;
saisir;;;;
tous;;;;
les;;;;
bonheurs;;;;
de;;;;
la;;;;
vie;;;;
dont;;;;
elle;;;;
revait;;;;
depuis;;;;
si;;;;
longtemps;;;;
;;;;
craignait;;;;
que;;;;
son;;;;
pere;;;;
hesitat;;;;
partir;;;;
si;;;;
le;;;;
temps;;;;
ne;;;;
s';;;;
eclaircissait;;;;
pas;;;;
;;;;
et;;;;
pour;;;;
la;;;;
centieme;;;;
fois;;;;
depuis;;;;
le;;;;
matin;;;;
elle;;;;
interrogeait;;;;
l';;;;
horizon;;;;
.;;;;
Puis;;;;
elle;;;;
s';;;;
apercut;;;;
qu';;;;
elle;;;;
avait;;;;
oublie;;;;
de;;;;
mettre;;;;
son;;;;
calendrier;;;;
dans;;;;
son;;;;
sac;;;;
de;;;;
voyage;;;;
.;;;;
Elle;;;;
cueillit;;;;
sur;;;;
le;;;;
mur;;;;
le;;;;
petit;;;;
carton;;;;
divise;;;;
par;;;;
mois;;;;
;;;;
et;;;;
portant;;;;
au;;;;
milieu;;;;
d';;;;
un;;;;
dessin;;;;
la;;;;
date;;;;
de;;;;
l';;;;
annee;;;;
courante;;;;
181;;;;
en;;;;
chiffres;;;;
d';;;;
or;;;;
.;;;;
Puis;;;;
elle;;;;
biffa;;;;
a;;;;
coups;;;;
de;;;;
crayon;;;;
les;;;;
quatre;;;;
premieres;;;;
colonnes;;;;
;;;;
rayant;;;;
cha-;;;;
que;;;;
nom;;;;
de;;;;
saint;;;;
jusqu';;;;
au;;;;X
2;;;;X
mai;;;;X
;;;;
jour;;;;
de;;;;
sa;;;;
sortie;;;;
eeeeeeee;;;;
:;;;;
Jeanne;;;;
repondit;;;;
:;;;;
Entre;;;;
;;;;
papa;;;;
.;;;;
n;;;;
Et;;;;
son;;;;
pere;;;;
parut;;;;
.;;;;
Le;;X;;
baron;;X;;
Simon;;X;;
-;;X;;
lacques;;X;;
Le;;X;;
Perthuis;;X;;
des;;X;;
Vauds;;X;;
etait;;;;
un;;;;
gentilhomme;;;;
de;;;;
l';;;;
autre;;;;
siecle;;;;
;;;;
maniaque;;;;
et;;;;
bon;;;;
.;;;;
Disciple;;;;
enthousiaste;;;;
de;;;;
J.-J.;;X;;
Rousseau;;X;;
;;;;
il;;;;
avait;;;;
des;;;;
tendresses;;;;
d';;;;
amant;;;;
pour;;;;
la;;;;
nature;;;;
;;;;
les;;;;
champs;;;;
;;;;
les;;;;
bois;;;;
;;;;
les;;;;
betes;;;;
.;;;;
Aristocrate;;;;
de;;;;
naissance;;;;
;;;;
il;;;;
haissait;;;;
par;;;;
instinet;;;;
uatre;;;;
-;;;;
vingt;;;;
-;;;;
treize;;;;
;;;;
mais;;;;
;;;;
philosophe;;;;
par;;;;
tempera-;;;;
ment;;;;
et;;;;
liberal;;;;
par;;;;
education;;;;
;;;;
il;;;;
exeerait;;;;
la;;;;
tyrannie;;;;
dune;;;;
haine;;;;
inofflensive;;;;
et;;;;
d6clamatoire;;;;
.;;;;
a;;;;
grande;;;;
force;;;;
et;;;;
sa;;;;
grande;;;;
faiblesse;;;;
;;;;
o';;;;
etait;;;;
la;;;;
bonte;;;;
;;;;
une;;;;
bonte;;;;
qui;;;;
n';;;;
avait;;;;
pas;;;;
assez;;;;
dehras;;;;
pour;;;;
caresser;;;;
;;;;
pour;;;;
donner;;;;
;;;;
pour;;;;
etreindre;;;;
;;;;
une;;;;
bont6;;;;
de;;;;
Ceateur;;;;
;;;;
eparse;;;;
;;;;
sans;;;;
resistance;;;;
;;;;
comme;;;;
lengour';;;;
UNE;;;;
V1E;;;;
dissement;;;;
d';;;;
un;;;;
nerf;;;;
de;;;;
la;;;;
volonte;;;;
;;;;
une;;;;
lacune;;;;
dans;;;;
lenergie;;;;
;;;;
presue;;;;
un;;;;
vice;;;;
.;;;;
Homme;;;;
de;;;;
theorie;;;;
;;;;
il;;;;
meditait;;;;
tout;;;;
un;;;;
plan;;;;
d';;;;
edu-;;;;
cation;;;;
pour;;;;
sa;;;;
fille;;;;
;;;;
voulant;;;;
la;;;;
faire;;;;
heureuse;;;;
;;;;
bonne;;;;
;;;;
droite;;;;
et;;;;
tendre;;;;
.;;;;
Elle;;;;
etait;;;;
demeuree;;;;
jusqu;;;;
';;;;
douze;;;;
ans;;;;
dans;;;;
la;;;;
maison;;;;
;;;;
puis;;;;
;;;;
malgre;;;;
les;;;;
pleurs;;;;
de;;;;
la;;;;
mere;;;;
;;;;
elle;;;;
fut;;;;
mise;;;;
au;;;;
fSacre;X;;;
-;X;;;
Ceur;;;;
.;;;;
Il;;;;
l';;;;
avait;;;;
tenue;;;;
la;;;;
severement;;;;
enfermee;;;;
;;;;
cloltree;;;;
;;;;
ignoree;;;;
;;;;
et;;;;
ignorante;;;;
des;;;;
choses;;;;
humaines;;;;
.;;;;
Il;;;;
vou-;;;;
lait;;;;
qu';;;;
on;;;;
la;;;;
lui;;;;
rendlt;;;;
chaste;;;;
a;;;;
dix-sept;;;;
ans;;;;
pour;;;;
la;;;;
tremper;;;;
lui;;;;
-;;;;
meme;;;;
dans;;;;
une;;;;
sorte;;;;
de;;;;
bain;;;;
de;;;;
poesie;;;;
raisonnable;;;;
;;;;
et;;;;
;;;;
par;;;;
les;;;;
champs;;;;
;;;;
au;;;;
milieu;;;;
de;;;;
la;;;;
terre;;;;
fecondee;;;;
;;;;
ouvrir;;;;
son;;;;
ame;;;;
;;;;
degourdir;;;;
son;;;;
igno-;;;;
rance;;;;
l';;;;
aspect;;;;
de;;;;
l';;;;
amour;;;;
naif;;;;
;;;;
des;;;;
tendresses;;;;
simples;;;;
des;;;;
animaux;;;;
;;;;
des;;;;
lois;;;;
sereines;;;;
de;;;;
la;;;;
vie;;;;
.;;;;
Elle;;;;
sortaitmaintenant;;;;
ducouvent;;;;
;;;;
radieuse;;;;
;;;;
pleine;;;;
de;;;;
seves;;;;
et;;;;
d';;;;
appetits;;;;
de;;;;
bonheur;;;;
;;;;
prete;;;;
toutes;;;;
les;;;;
joies;;;;
;;;;
atous;;;;
leshasards;;;;
charmants;;;;
que;;;;
dansle;;;;
d6seu-;;;;
vrement;;;;
des;;;;
jours;;;;
;;;;
la;;;;
longueur;;;;
des;;;;
nuits;;;;
;;;;
la;;;;
soli-;;;;
tude;;;;
desesperances;;;;
;;;;
son;;;;
esprit;;;;
avait;;;;
dejh;;;;
parcourus;;;;
.;;;;
Elle;;;;
semblait;;;;
un;;;;
portrait;;;;
de;;;;
Veronese;;X;;
avee;;;;
ses;;;;
cheveux;;;;
d';;;;
un;;;;
blond;;;;
luisant;;;;
qu';;;;
on;;;;
aurait;;;;
dit;;;;
avoir;;;;
deteint;;;;
sur;;;;
sa;;;;
chair;;;;
;;;;
une;;;;
chair;;;;
d';;;;
aristocrate;;;;
peine;;;;
nuaneee;;;;
de;;;;
rose;;;;
;;;;
ombree;;;;
d';;;;
un;;;;
leger;;;;
duvet;;;;
;;;;
d';;;;
une;;;;
sorte;;;;
de;;;;
velours;;;;
ple;;;;
qu';;;;
on;;;;
apercevait;;;;
un;;;;
peu;;;;
quand;;;;
leoleil;;;;
la;;;;
caressait;;;;
.;;;;
Ses;;;;
yeux;;;;
etaient;;;;
bleus;;;;
;;;;
de.ce;;;;
bleuopaue;;;;
qu';;;;
ont;;;;
ceux;;;;
des;;;;
bonshommes;;;;
en;;;;
faience;;;;X
e;;;;X
kollande;;;;X
.;;;;
U;;;;
NE;;;;
VIE;;;;
Elle;;;;
avait;;;;
;;;;
sur;;;;
l';;;;
aile;;;;
gauche;;;;
de;;;;
la;;;;
narine;;;;
;;;;
un;;;;
petit;;;;
grain;;;;
de;;;;
beaute;;;;
;;;;
un;;;;
autre;;;;
h;;;;
droite;;;;
;;;;
sur;;;;
le;;;;
men-;;;;
ton;;;;
;;;;
o;;;;
frisaient;;;;
quelques;;;;
poils;;;;
si;;;;
semblables;;;;
sa;;;;
peau;;;;
qu';;;;
on;;;;
les;;;;
distinguait;;;;
peine;;;;
.;;;;
Elle;;;;
etait;;;;
grande;;;;
;;;;
mre;;;;
de;;;;
poitrine;;;;
;;;;
ondoyante;;;;
de;;;;
la;;;;
taille;;;;
.;;;;
Sa;;;;
voix;;;;
nette;;;;
semblait;;;;
parfois;;;;
trop;;;;
aiguii;;;;
;;;;
mais;;;;
son;;;;
rire;;;;
franc;;;;
jetait;;;;
de;;;;
la;;;;
joie;;;;
autour;;;;
dle;;;;
.;;;;
Sou-;;;;
vent;;;;
;;;;
d';;;;
un;;;;
geste;;;;
familier;;;;
;;;;
elle;;;;
portait;;;;
ses;;;;
deux;;;;
mains;;;;
ses;;;;
tempes;;;;
comme;;;;
pour;;;;
lisser;;;;
sa;;;;
chevelure;;;;
.;;;;
Elle;;;;
courut;;;;
h;;;;
son;;;;
pere;;;;
et;;;;
l';;;;
embrassa;;;;
;;;;
en;;;;
l';;;;
etrei-;;;;
gnant;;;;
:;;;;
Eh;;;;
bien;;;;
;;;;
partons;;;;
-nous;;;;
?;;;;
dit;;;;
-elle;;;;
.;;;;
Il;;;;
sourit;;;;
;;;;
secoua;;;;
ses;;;;
cheveux;;;;
deja;;;;
blancs;;;;
;;;;
et;;;;
qi';;;;
il;;;;
portait;;;;
assez;;;;
longs;;;;
;;;;
et;;;;
;;;;
tendant;;;;
la;;;;
main;;;;
vers;;;;
la;;;;
fenetre;;;;
:;;;;
Comment;;;;
veux;;;;
-;;;;
tu;;;;
voyager;;;;
par;;;;
un;;;;
temps;;;;
pa-;;;;
reil2s;;;;
Mais;;;;
elle;;;;
le;;;;
priait;;;;
;;;;
caline;;;;
et;;;;
tendre;;;;
:;;;;
a;;;;
Oh;;;;
;;;;
pape;;;;
;;;;
partons;;;;
;;;;
je;;;;
t';;;;
en;;;;
supplie;;;;
.;;;;
Il;;;;
fera;;;;
beau;;;;
dans;;;;
apres-;;;;
midi;;;;
.;;;;
--;;;;
Mais;;;;
ta;;;;
mere;;;;
n';;;;
y;;;;
consentira;;;;
jamais;;;;
..;;;;
--;;;;
Si;;;;
;;;;
je;;;;
te;;;;
le;;;;
promets;;;;
;;;;
je;;;;
men;;;;
charge;;;;
.;;;;
--Si;;;;
tu;;;;
parviens;;;;
decider;;;;
ta;;;;
mere;;;;
;;;;
je;;;;
veux;;;;
bien;;;;
;;;;
moi;;;;
n;;;;
..;;;;
Et;;;;
elle;;;;
se;;;;
precipita;;;;
vers;;;;
la;;;;
chambre;;;;
de;;;;
labaronne;;;;
.;;;;
Car;;;;
elle;;;;
avait;;;;
attendu;;;;
ce;;;;
jour;;;;
du;;;;
d6part;;;;
avec;;;;
une;;;;
impatienee;;;;
grandissante;;;;
.;;;;
Depuis;;;;
son;;;;
entree;;;;
au;;;;
Sacre;X;;;
-;X;;;
Coeurelle;X;;;
n';;;;
avait;;;;
pas;;;;
quitt6;;;;
Rouen;X;;;
;;;;
son;;;;
pere;;;;
ne;;;;
';;;;
permettant;;;;
aucuhe;;;;
dis-;;;;
traction;;;;
avant;;;;
l';;;;
age;;;;
qu';;;;
il;;;;
avait;;;;
fixe;;;;
.;;;;
Deux;;;;
fois;;;;
seuU;;;;
N1E;;;;
V1E;;;;
lement;;;;
on;;;;
l';;;;
avait;;;;
emmenee;;;;
quinze;;;;
jours;;;;
a;;;;
Paris;X;;;
;;;;
mais;;;;
c';;;;
etait;;;;
une;;;;
ville;;;;
encore;;;;
;;;;
et;;;;
elle;;;;
ne;;;;
revait;;;;
que;;;;
la;;;;
camagne;;;;
.;;;;
Elle;;;;
allait;;;;
maintenant;;;;
passer;;;;
l';;;;
ete;;;;
dans;;;;
leur;;;;
pro-;X;;;
priete;X;;;
des;X;;;
Peuples;X;;;
;;;;
vieux;;;;
chatean;;;;
de;;;;
famille;;;;
plante;;;;
sur;;;;
la;;;;
falaise;;;;
aupres;;;;
d';;;;
Yport;X;;;
;;;;
et;;;;
elle;;;;
se;;;;
promettait;;;;
une;;;;
joie;;;;
infinie;;;;
de;;;;
cette;;;;
vie;;;;
libre;;;;
au;;;;
bord;;;;
des;;;;
flots;;;;
.;;;;
Puis;;;;
il;;;;
etait;;;;
entendu;;;;
qu';;;;
on;;;;
lui;;;;
faisait;;;;
don;;;;
de;;;;
ce;;;;
ma-;;;;
noir;;;;
qu';;;;
elle;;;;
habiterait;;;;
toujours;;;;
lorsqu';;;;
elle;;;;
serait;;;;
mariee;;;;
.;;;;
...;;;;
Et;;;;
la;;;;
pluie;;;;
;;;;
tombant;;;;
sans;;;;
repit;;;;
depuis;;;;
la;;;;
veille;;;;
au;;;;
BOir;;;;
;;;;
etait;;;;
le;;;;
premier;;;;
gros;;;;
chagrin;;;;
de;;;;
son;;;;
existence;;;;
.;;;;
Mais;;;;
;;;;
au;;;;
bout;;;;
de;;;;
trois;;;;
minutes;;;;
;;;;
elle;;;;
sortit;;;;
;;;;
.;;;;
en;;;;
ourant;;;;
;;;;
de;;;;
la;;;;
chambre;;;;
de;;;;
sa;;;;
mere;;;;
;;;;
criant;;;;
par;;;;
toute;;;;
lmaison;;;;
:;;;;
Papa;;;;
;;;;
papa;;;;
l;;;;
maman;;;;
veut;;;;
bien;;;;
;;;;
fais;;;;
atteler;;;;
.;;;;
n;;;;
Le;;;;
deluge;;;;
ne;;;;
s';;;;
apaisait;;;;
point;;;;
;;;;
on;;;;
et;;;;
dit;;;;
meme;;;;
qtlil;;;;
redoublait;;;;
quand;;;;
la;;;;
caleche;;;;
s';;;;
avanca;;;;
devant;;;;
laporte;;;;
.;;;;
Jeanne;;X;;
etait;;;;
prete;;;;
a;;;;
monter;;;;
en;;;;
voiture;;;;
lorsque;;;;
la;;;;
baronne;;;;
descendit;;;;
l';;;;
escalier;;;;
;;;;
soutenue;;;;
d';;;;
un;;;;
c0te;;;;
par;;;;
son;;;;
mari;;;;
;;;;
et;;;;
;;;;
de;;;;
l';;;;
autre;;;;
;;;;
par;;;;
une;;;;
grande;;;;
fille;;;;
de;;;;
chambre;;;;
forte;;;;
et;;;;
bien;;;;
decouplee;;;;
comme;;;;
un;;;;
gars;;;;
.;;;;
Getait;;;;
une;;;;
Normande;;;;
du;;;;
pays;X;;;
de;X;;;
Caux;X;;;
;;;;
qui;;;;
parais-;;;;
sait;;;;
au;;;;
moins;;;;
vingt;;;;
ans;;;;
;;;;
bien;;;;
qu';;;;
elle;;;;
en;;;;
eut;;;;
au;;;;
plus;;;;
ix;;;;
-;;;;
huit;;;;
.;;;;
On;;;;
latraitait;;;;
dans;;;;
la;;;;
famille;;;;
un;;;;
peu;;;;
comme;;;;
ne;;;;
seeonde;;;;
fille;;;;
;;;;
car;;;;
elle;;;;
avait;;;;
ete;;;;
la;;;;
seur;;;;
de;;;;
lait;;;;
de;;;;
Jeanne;;X;;
.;;;;
Elle;;;;
s';;;;
appelait;;;;
Rosalie;;X;;
.;;;;
Ba;;;;
principale;;;;
fonction;;;;
consistaitd';;;;
ailleurs;;;;
a;;;;
guiderUNE;;;;
vIE;;;;
les;;;;
pas;;;;
de;;;;
sa;;;;
maitresse;;;;
devenue;;;;
enorme;;;;
depuis;;;;
quelques;;;;
annees;;;;
par;;;;
suite;;;;
d';;;;
une;;;;
hypertrophie;;;;
du;;;;
ceur;;;;
dont;;;;
elle;;;;
se;;;;
plaignait;;;;
sans;;;;
cesse;;;;
.;;;;
La;;;;
baronne;;;;
atteignit;;;;
;;;;
en;;;;
soufflant;;;;
beaucoup;;;;
;;;;
le;;;;
perron;;;;
du;;;;
vieil;;;;
hotel;;;;
;;;;
regarda;;;;
la;;;;
cour;;;;
o;;;;
l';;;;
eau;;;;
ruis-;;;;
selait;;;;
et;;;;
murmura;;;;
:;;;;
a;;;;
Ce;;;;
n';;;;
est;;;;
vraiment;;;;
pas;;;;
raison-;;;;
nable;;;;
.;;;;
n;;;;
Son;;;;
mari;;;;
;;;;
toujours;;;;
souriant;;;;
;;;;
repondit;;;;
:;;;;
C';;;;
estvous;;;;
qui;;;;
l';;;;
avez;;;;
voulu;;;;
;;;;
madame;;X;;
Adelaide;;X;;
.;;;;
n;;;;
Comme;;;;
elle;;;;
portait;;;;
ce;;;;
nom;;;;
pompeux;;;;
d';;X;;
Adelaide;;X;;
;;;;
il;;;;
le;;;;
faisait;;;;
toujours;;;;
preceder;;;;
de;;;;
madame;;;;
avec;;;;
un;;;;
certain;;;;
air;;;;
de;;;;
respect;;;;
un;;;;
peu;;;;
moqueur;;;;
.;;;;
Puis;;;;
elle;;;;
se;;;;
remit;;;;
en;;;;
marche;;;;
et;;;;
monta;;;;
penible-;;;;
ment;;;;
dans;;;;
la;;;;
voiture;;;;
dont;;;;
tous;;;;
les;;;;
ressorts;;;;
plierent;;;;
.;;;;
Le;;;;
baron;;;;
s';;;;
assit;;;;
a;;;;
son;;;;
c0te;;;;
;;;;
Jeanne;;X;;
et;;;;
Rosalie;;X;;
prirent;;;;
.;;;;
place;;;;
sur;;;;
la;;;;
banquette;;;;
a;;;;
reculons;;;;
.;;;;
La;;;;
cuisiniere;;;;
Ludivine;;X;;
apporta;;;;
des;;;;
masses;;;;
de;;;;
;;;;
manteaux;;;;
qu';;;;
on;;;;
disposa;;;;
sur;;;;
les;;;;
genoux;;;;
;;;;
plus;;;;
deux;;;;
paniers;;;;
qu';;;;
on;;;;
dissimula;;;;
sous;;;;
les;;;;
jambes;;;;
;;;;
puis;;;;
elle-;;;;
grimpa;;;;
sur;;;;
le;;;;
siege;;;;
a;;;;
c0te;;;;
du;;X;;
pere;;X;;
Simon;;X;;
;;;;
et;;;;
s';;;;
enve-;;;;
;;;;
.;;;;
loppa;;;;
d';;;;
une;;;;
grande;;;;
couverture.qui;;;;
la;;;;
coiffait;;;;
entie-.-;;;;
rement;;;;
.;;;;
Le;;;;
concierge;;;;
et;;;;
sa;;;;
femme;;;;
vinrent;;;;
saluer;;;;
en;;;;
.;;;;
fermantla;;;;
portiere;;;;
;;;;
ils;;;;
recurent;;;;
les;;;;
dernieres;;;;
recom-;;;;
.;;;;
mandations;;;;
pour;;;;
les;;;;
malles;;;;
qui;;;;
devaient;;;;
suivre;;;;
.;;;;
dans;;;;
une;;;;
charrette;;;;
;;;;
et;;;;
on;;;;
partit;;;;
.;;;;
Le;;X;;
pere;;X;;
Simon;;X;;
;;;;
le;;;;
cocher;;;;
;;;;
la;;;;
tete;;;;
baissee;;;;
;;;;
le;;;;
dos;;;;
arrondi;;;;
sous;;;;
la;;;;
pluie;;;;
;;;;
disparaissait;;;;
dans;;;;
son;;;;
carrick;;;;
;;;;
triple;;;;
collet;;;;
.;;;;
La;;;;
bourrasque;;;;
gemissante;;;;
battait;;;;
.;;;;
les;;;;
vitres;;;;
;;;;
inondait;;;;
la;;;;
chaussee;;;;
.;;;;
UNE;;;;
VIE;;;;
La;;;;
berline;;;;
;;;;
au;;;;
grand;;;;
trot;;;;
des;;;;
deux;;;;
chevaux;;;;
;;;;
devala;;;;
rondement;;;;
sur;;;;
le;;;;
quai;;;;
;;;;
longea;;;;
la;;;;
ligne;;;;
des;;;;
grands;;;;
navires;;;;
dont;;;;
les;;;;
mts;;;;
;;;;
les;;;;
vergues;;;;
;;;;
les;;;;
cor-;;;;
dages;;;;
se;;;;
dressaient;;;;
tristement;;;;
dans;;;;
le;;;;
ciel;;;;
ruisse-;;;;
lant;;;;
;;;;
comme;;;;
des;;;;
arbres;;;;
depouilles;;;;
;;;;
puis;;;;
elle;;;;
s';;;;
en-;;;;
gagea;;;;
sur;;;;
le;;;;
long;;;;
boulevard;X;;;
du;X;;;
mont;X;;;
Riboudet;X;;;
.;;;;
Bient0;;;;
t;;;;
on;;;;
traversa;;;;
les;;;;
prairies;;;;
;;;;
et;;;;
de;;;;
temps;;;;
en;;;;
temps;;;;
un;;;;
saule;;;;
noye;;;;
;;;;
les;;;;
branches;;;;
pendantes;;;;
avec;;;;
n;;;;
abandonnement;;;;
de;;;;
cadavre;;;;
;;;;
se;;;;
dessinait;;;;
vague-;;;;
ment;;;;
travers;;;;
un;;;;
brouillard;;;;
d';;;;
eau;;;;
.;;;;
Les;;;;
fers;;;;
des;;;;
chevaux;;;;
clapotaient;;;;
et;;;;
les;;;;
quatre;;;;
roues;;;;
faisaient;;;;
des;;;;
soleils;;;;
de;;;;
boue;;;;
.;;;;
On;;;;
se;;;;
taisait;;;;
;;;;
les;;;;
esprits;;;;
eux;;;;
-;;;;
memes;;;;
semblaient;;;;
mouilles;;;;
comme;;;;
la;;;;
terre;;;;
.;;;;
Petite;;;;
mere;;;;
se;;;;
renversant;;;;
appuya;;;;
sa;;;;
tete;;;;
et;;;;
ferma;;;;
ses;;;;
paupires;;;;
.;;;;
Le;;;;
baron;;;;
considerait;;;;
d';;;;
un;;;;
eil;;;;
morne;;;;
les;;;;
campagnes;;;;
mono-;;;;
tones;;;;
et;;;;
trempees;;;;
.;;;;
Rosalie;;X;;
;;;;
un;;;;
paquet;;;;
sur;;;;
les;;;;
ge-;;;;
noux;;;;
;;;;
songeait;;;;
de;;;;
cette;;;;
songerie;;;;
animale;;;;
des;;;;
gens;;;;
du;;;;
peuple;;;;
.;;;;
Mais;;;;
Jeanne;;X;;
;;;;
sous;;;;
ce;;;;
ruissellement;;;;
tibede;;;;
;;;;
se;;;;
senitait;;;;
revivre;;;;
ainsi;;;;
qu';;;;
une;;;;
plante;;;;
enfermee;;;;
qu';;;;
on;;;;
vient;;;;
de;;;;
remettre;;;;
l';;;;
air;;;;
;;;;
et;;;;
l';;;;
epaisseur;;;;
de;;;;
sa;;;;
joie;;;;
;;;;
comme;;;;
un;;;;
feuillage;;;;
;;;;
abritait;;;;
son;;;;
ceur;;;;
de;;;;
la;;;;
tris-;;;;
tesse;;;;
;;;;
Bien;;;;
qu';;;;
elle;;;;
ne;;;;
parlat;;;;
pas;;;;
;;;;
elle;;;;
avait;;;;
envie;;;;
de;;;;
chanter;;;;
;;;;
de;;;;
tendre;;;;
au;;;;
dehors;;;;
sa;;;;
main;;;;
pour;;;;
l';;;;
emplir;;;;
d';;;;
esu;;;;
qu';;;;
elle;;;;
boirait;;;;
;;;;
et;;;;
elle;;;;
jouissait;;;;
d';;;;
etre;;;;
emportee;;;;
u;;;;
grand;;;;
trot;;;;
des;;;;
chevaux;;;;
;;;;
de;;;;
voir;;;;
la;;;;
desolation;;;;
des;;;;
paysages;;;;
;;;;
et;;;;
de;;;;
se;;;;
sentir;;;;
a;;;;
l';;;;
abri;;;;
au;;;;
milieu;;;;
de;;;;
cette;;;;
iniondation;;;;
.;;;;
.Et;;;;
sous;;;;
la;;;;
pluie;;;;
acharnee;;;;
les;;;;
croupes;;;;
luisantes;;;;
desU;;;;
NE;;;;
VIE;;;;
deux;;;;
betes;;;;
exhalaient;;;;
une;;;;
buee;;;;
d';;;;
eau;;;;
bouillante;;;;
.;;;;
ILa;;;;
baronne;;;;
;;;;
peu;;;;
a;;;;
peu;;;;
;;;;
s';;;;
endormait;;;;
.;;;;
Sa;;;;
figure;;;;
qu';;;;
encadraient;;;;
six;;;;
boudins;;;;
reguliers;;;;
de;;;;
cheveuxpen-;;;;
dillants;;;;
s';;;;
affaissa;;;;
peu;;;;
.;;;;
peu;;;;
;;;;
mollement;;;;
soutenue;;;;
par;;;;
les;;;;
trois;;;;
grandes;;;;
vagues;;;;
de;;;;
son;;;;
cou;;;;
dont;;;;
les;;;;
dernieres;;;;
ondulations;;;;
se;;;;
perdaient;;;;
dans;;;;
la;;;;
pleine;;;;
mer;;;;
de;;;;
sa;;;;
poitrine;;;;
.;;;;
Sa;;;;
tete;;;;
;;;;
soulevee;;;;
a;;;;
chaque;;;;
aspi-;;;;
ration;;;;
;;;;
retombait;;;;
ensuite;;;;
;;;;
les;;;;
joues;;;;
s';;;;
enflaient;;;;
;;;;
tandis;;;;
qu';;;;
entre;;;;
ses;;;;
levres;;;;
entr'ouvertes;;;;
passait;;;;
un;;;;
ronfle-;;;;
ment;;;;
sonore;;;;
.;;;;
Son;;;;
mari;;;;
se;;;;
pencha;;;;
vers;;;;
elle;;;;
;;;;
et;;;;
posa;;;;
doucement;;;;
;;;;
dans;;;;
ses;;;;
mains;;;;
croisees;;;;
siurl';;;;
ampleur;;;;
de;;;;
son;;;;
ventre;;;;
;;;;
un;;;;
petit;;;;
portefeuille;;;;
en;;;;
cuir;;;;
.;;;;
Ce;;;;
toucher;;;;
la;;;;
reveilla;;;;
;;;;
et;;;;
elle;;;;
considera;;;;
lobjet;;;;
d';;;;
un;;;;
regard;;;;
noye;;;;
;;;;
avec;;;;
cethebtement;;;;
des;;;;
sommeils;;;;
.;;;;
interrompus;;;;
.;;;;
Le;;;;
portefeuille;;;;
tomba;;;;
;;;;
s';;;;
ouvrit;;;;
.;;;;
Del';;;;
or;;;;
et;;;;
des;;;;
billets;;;;
de;;;;
banque;;;;
s';;;;
eparpillerent;;;;
dans;;;;
la;;;;
ca;;;;
leche;;;;
.;;;;
Elle;;;;
s';;;;
eveilla;;;;
tout;;;;
a;;;;
fait;;;;
;;;;
et;;;;
la;;;;
gaiet6;;;;
de;;;;
sa;;;;
fille;;;;
partit;;;;
en;;;;
une;;;;
fusee;;;;
de;;;;
rires;;;;
.;;;;
Le;;;;
baron;;;;
ramassa;;;;
largent;;;;
;;;;
et;;;;
;;;;
le;;;;
lui;;;;
posant;;;;
sur;;;;
Ies;;;;
genoux;;;;
:;;;;
Voici;;;;
;;;;
ma;;;;
chere;;;;
amie;;;;
;;;;
tout;;;;
ce;;;;
qui;;;;
reste;;;;
de;;;;
ma;;;;
ferme;X;;;
d';X;;;
Eletot;X;;;
.;;;;
Jel';;;;
ai;;;;
vendue;;;;
pourfeire;;;;
.;;;;
reparer;;;;
-les;;;;
Peuples;;;;
oi;;;;
nious;;;;
habiterons;;;;
souent;;;;
desormais.n;;;;
Elle;;;;
compta;;;;
six;;;;
mille;;;;
et;;;;
quatre;;;;
cents;;;;
francs;;;;X
et;;;;
les;;;;
mit;;;;
tranquillement;;;;
dans;;;;
sa;;;;
poche;;;;
.;;;;
C';;;;
etait;;;;
la;;;;
neuvieme;;;;
ferme;;;;
vendue;;;;
ainsi;;;;
sur;;;;
trente;;;;
et;;;;
une;;;;
que;;;;
leurs;;;;
parents;;;;
avaient;;;;
laissees;;;;
.;;;;
Ils;;;;
posse;;;;
daient;;;;
cependant;;;;
encore;;;;
environ;;;;
vingt;;;;
mille;;;;
livres;;;;X
de;;;;
rentes;;;;
en;;;;
terres;;;;
qui;;;;
;;;;
bien;;;;
administrees;;;;
;;;;
aielUNE;;;;
v1E;;;;
raient;;;;
facilement;;;;
rendu;;;;
trente;;;;
mille;;;;
francs;;;;X
par;;;;
an;;;;
.;;;;
Comme;;;;
ils;;;;
vivaient;;;;
simplement;;;;
;;;;
ce;;;;
revenu;;;;
aurait;;;;
suffi;;;;
s';;;;
il;;;;
n';;;;
y;;;;
avait;;;;
eu;;;;
dans;;;;
la;;;;
maison;;;;
un;;;;
trou;;;;
sans;;;;
fond;;;;
toujours;;;;
ouvert;;;;
;;;;
la;;;;
bonte;;;;
.;;;;
Elle;;;;
tarissait;;;;
l';;;;
ar-;;;;
gent;;;;
dans;;;;
leurs;;;;
mains;;;;
comme;;;;
le;;;;
soleil;;;;
tarit;;;;
l';;;;
eau;;;;
des;;;;
marecages;;;;
.;;;;
Cela;;;;
coulait;;;;
;;;;
fuyait;;;;
;;;;
disparaissait;;;;
.;;;;
Comment;;;;
?;;;;
Personne;;;;
n';;;;
en;;;;
savait;;;;
rien;;;;
.;;;;
A;;;;
tout;;;;
mo-;;;;
ment;;;;
l';;;;
un;;;;
d';;;;
eux;;;;
disait;;;;
:;;;;
Je;;;;
ne;;;;
sais;;;;
comment;;;;
cela;;;;
s';;;;
est;;;;
fait;;;;
;;;;
j';;;;
ai;;;;
depense;;;;
cent;;;;
francs;;;;X
aujourd'hui;;;;
sans;;;;
rien;;;;
acheter;;;;
de;;;;
gros;;;;
.;;;;
n;;;;
Cette;;;;
failite;;;;
donner;;;;
etait;;;;
du;;;;
reste;;;;
un;;;;
des;;;;
grands;;;;
bonheurs;;;;
de;;;;
leur;;;;
vie;;;;
;;;;
et;;;;
ils;;;;
s';;;;
entendaient;;;;
sur;;;;
ce;;;;
point;;;;
d';;;;
une;;;;
facon;;;;
superbe;;;;
et;;;;
touchante;;;;
.;;;;
Jeanne;;X;;
demanda;;;;
:;;;;
Est;;;;
-ce;;;;
beau;;;;
;;;;
maintenant;;;;
;;;;
mon;;;;
chateau;;;;
?;;;;
n;;;;
Le;;;;
baron;;;;
repondit;;;;
gaiement;;;;
:;;;;
Tu;;;;
verras;;;;
;;;;
fil-;;;;
lette;;;;
.;;;;
n;;;;
Mais;;;;
peu;;;;
a;;;;
peu;;;;
la;;;;
violence;;;;
de;;;;
l';;;;
averse;;;;
diminuait;;;;
;;;;
puis;;;;
ce;;;;
ne;;;;
fut;;;;
plus;;;;
qu';;;;
une;;;;
sorte;;;;
de;;;;
brume;;;;
;;;;
une;;;;
tres;;;;
fine;;;;
poussiere;;;;
de;;;;
pluie;;;;
voltigeant;;;;
.;;;;
La;;;;
vote;;;;
';;;;
des;;;;
nuees;;;;
semblait;;;;
s';;;;
elever;;;;
;;;;
blanchir;;;;
;;;;
et;;;;
soudain;;;;
;;;;
par;;;;
un;;;;
trou;;;;
qu';;;;
on;;;;
ne;;;;
voyait;;;;
point;;;;
;;;;
un;;;;
long;;;;
rayon;;;;
de;;;;
soleil;;;;
oblique;;;;
descendit;;;;
sur;;;;
les;;;;
prairies;;;;
.;;;;
';;;;
Et;;;;
;;;;
les;;;;
nuages;;;;
s';;;;
etant;;;;
fendus;;;;
;;;;
le;;;;
fond;;;;
bleu;;;;
du;;;;
flrmament;;;;
parut;;;;
;;;;
puis;;;;
la;;;;
dechirure;;;;
s';;;;
agrandit;;;;
soeimmie;;;;
un;;;;
voile;;;;
qui;;;;
se;;;;
dechire;;;;
;;;;
et;;;;
un;;;;
beau;;;;
ciel;;;;
pur;;;;
un;;;;
aur;;;;
net;;;;
et;;;;
profond;;;;
se;;;;
developpa;;;;
sur;;;;
le;;;;
monde;;;;
.;;;;
nsouffle;;;;
frais;;;;
et;;;;
doux;;;;
passa;;;;
;;;;
comme;;;;
un;;;;
soupir;;;;
heurex;;;;
de;;;;
la;;;;
terre;;;;
;;;;
et;;;;
;;;;
quand;;;;
on;;;;
longeait;;;;
des;;;;
jar;;;;
-;;;;
UNE;;;;
V1E;;;;
dins;;;;
ou;;;;
des;;;;
bois;;;;
;;;;
on;;;;
entendait;;;;
parfois;;;;
le;;;;
chant;;;;
alerte;;;;
d';;;;
un;;;;
oiseau;;;;
qui;;;;
sechait;;;;
ses;;;;
plumes;;;;
.;;;;
Le;;;;
soir;;;;
venait;;;;
.;;;;
Tout;;;;
le;;;;
monde;;;;
dormait;;;;
mainte-;;;;
nant;;;;
dans;;;;
la;;;;
voiture;;;;
;;;;
excepte;;;;
Jeanne;;X;;
.;;;;
Deux;;;;
fois;;;;
on;;;;
s';;;;
arreta;;;;
dans;;;;
des;;;;
auberges;;;;
pour;;;;
laisser;;;;
souffler;;;;
les;;;;
chevaux;;;;
et;;;;
leur;;;;
donner;;;;
un;;;;
peu;;;;
d';;;;
avoine;;;;
avec;;;;
de;;;;
l';;;;
eau;;;;
.;;;;
Le;;;;
soleil;;;;
s';;;;
etait;;;;
couche;;;;
;;;;
des;;;;
cloches;;;;
sonnaient;;;;
au;;;;
loin;;;;
.;;;;
Dans;;;;
un;;;;
petit;;;;
village;;;;
on;;;;
alluma;;;;
les;;;;
lanternes;;;;
;;;;
et;;;;
le;;;;
ciel;;;;
aussi;;;;
s';;;;
illumina;;;;
d';;;;
un;;;;
fourmillement;;;;
d';;;;
e-;;;;
toiles;;;;
.;;;;
Des;;;;
maisons;;;;
eclairees;;;;
apparaissaient;;;;
de;;;;
place;;;;
en;;;;
place;;;;
;;;;
traversant;;;;
les;;;;
tenebres;;;;
d';;;;
un;;;;
point;;;;
de;;;;
feu;;;;
;;;;
et;;;;
tout;;;;
d';;;;
un;;;;
coup;;;;
;;;;
derriere;;;;
une;;;;
c0te;;;;
;;;;
a;;;;
travers;;;;
des;;;;
.;;;;
branches;;;;
de;;;;
sapins;;;;
;;;;
la;;;;
lune;;;;
;;;;
rouge;;;;
;;;;
enorme;;;;
;;;;
et;;;;
;;;;
comme;;;;
engourdie;;;;
de;;;;
sommeil;;;;
;;;;
surgit;;;;
.;;;;
Il;;;;
faisait;;;;
si;;;;
doux;;;;
que;;;;
les;;;;
vitres;;;;
demeuraient;;;;
bais-;;;;
sees;;;;
.;;;;
Jeanne;;X;;
;;;;
epuisee;;;;
de;;;;
reves;;;;
;;;;
rassasiee;;;;
de;;;;
visions;;;;
;;;;
heureuses;;;;
;;;;
se;;;;
reposait;;;;
maintenant;;;;
.;;;;
Parfois;;;;
l';;;;
engour-;;;;
;;;;
dissement;;;;
d';;;;
une;;;;
position;;;;
prolongee;;;;
lui;;;;
faisait;;;;
rou-;;;;
vrir;;;;
les;;;;
yeux;;;;
;;;;
alors;;;;
elle;;;;
regardait;;;;
ai;;;;
dehors;;;;
;;;;
yoyait;;;;
dans;;;;
la;;;;
nuit;;;;
lumineuse;;;;
passer;;;;
les;;;;
arbres;;;;
dune;;;;
ferme;;;;
;;;;
ou;;;;
bien;;;;
quelques;;;;
vaches;;;;
c;;;;
et;;;;
la;;;;
couchees;;;;
en;;;;
un;;;;
champ;;;;
;;;;
et;;;;
qui;;;;
relevaient;;;;
latete;;;;
.;;;;
Puis;;;;
elle;;;;
cher;;;;
chait;;;;
une;;;;
posture;;;;
nouvelle;;;;
;;;;
essayait;;;;
de;;;;
ressaisirn;;;;
songe;;;;
ebaueh6e;;;;
;;;;
mais;;;;
le;;;;
roulement;;;;
continu;;;;
dela;;;;
voiture;;;;
emplissait;;;;
ses;;;;
oreilles;;;;
;;;;
fatiguait;;;;
sa;;;;
penee;;;;
et;;;;
elle;;;;
refermait;;;;
les;;;;
yeux;;;;
;;;;
se;;;;
sentant;;;;
l';;;;
esprit;;;;
courbatn;;;;
.-----UNE;;;;
IE;;;;
se;;;;
tenaient;;;;
dehout;;;;
devant;;;;
les;;;;
portieres;;;;
avec;;;;
des;;;;
lanternes;;;;
h;;;;
la;;;;
main;;;;
.;;;;
On;;;;
arrivait;;;;
.;;;;
Jeanne;;X;;
subitement;;;;
reveillee;;;;
sauta;;;;
bien;;;;
vite;;;;
.;;;;
Pere;;;;
et;;;;
Rosalie;;X;;
;;;;
eclaires;;;;
par;;;;
un;;;;
fermier;;;;
;;;;
porterent;;;;
presque;;;;
la;;;;
baronne;;;;
tout;;;;
A;;;;
fait;;;;
extenuee;;;;
;;;;
geignant;;;;
de;;;;
detresse;;;;
;;;;
et;;;;
repetant;;;;
sans;;;;
cesse;;;;
d';;;;
une;;;;
petite;;;;
voix;;;;
expirante;;;;
:;;;;
Ahl;;;;
mon;;;;
Dieul;;;;
mes;;;;
pauvres;;;;
enfantsl;;;;
n;;;;
Elle;;;;
ne;;;;
voulut;;;;
rien;;;;
boire;;;;
;;;;
rien;;;;
manger;;;;
;;;;
se;;;;
coucha;;;;
et;;;;
tout;;;;
aussitt;;;;
dormit;;;;
.;;;;
c;;;;
:;;;;
c;;;;
:;;;;
z::c::::--;;;;
imains;;;;
travers;;;;
la;;;;
table;;;;
;;;;
et;;;;
;;;;
saisis;;;;
tous;;;;
deux;;;;
d';;;;
une;;;;
joie;;;;
enfantine;;;;
;;;;
ils;;;;
se;;;;
mirent;;;;
visiter;;;;
le;;;;
manoir;;;;
repare;;;;
.;;;;
C';;;;
etait;;;;
une;;;;
de;;;;
ces;;;;
hautes;;;;
et;;;;
vastes;;;;
demeures;;;;
nor-;;;;
mandes;;;;
tenant;;;;
de;;;;
la;;;;
ferme;;;;
et;;;;
du;;;;
chateau;;;;
;;;;
baties;;;;
en;;;;
pierres;;;;
blanches;;;;
devenues;;;;
grises;;;;
;;;;
et;;;;
spacieuses;;;;
a;;;;
lo-;;;;
ger;;;;
unerace;;;;
.;;;;
Dnimmense;;;;
vestibule;;;;
separait;;;;
en;;;;
deux;;;;
la;;;;
maison;;;;
et;;;;
traversait;;;;
de;;;;
part;;;;
en;;;;
part;;;;
;;;;
ouvrant;;;;
ses;;;;
grandes;;;;
portes;;;;
sur;;;;
les;;;;
deux;;;;
faces;;;;
.;;;;
Un;;;;
double;;;;
sealier;;;;
sem-;;;;
blait;;;;
enjamber;;;;
cette;;;;
entree;;;;
;;;;
laissantvide;;;;
le;;;;
centre;;;;
;;;;
et;;;;
2ioignant;;;;
au;;;;
premier;;;;
ses;;;;
deux;;;;
montees;;;;
la;;;;
facon;;;;
ont;;;;
.;;;;
Aure-de-chaussee;;;;
;;;;
a;;;;
droite;;;;
;;;;
on;;;;
entrait;;;;
dans;;;;
le;;;;
sodemesure;;;;
;;;;
tendudetapisseries;;;;
feuillagesouse;;;;
nmenaient;;;;
des;;;;
oiseaux;;;;
.;;;;
Tout;;;;
le;;;;
meuble;;;;
;;;;
en;;;;
tapis-;;;;
i;;;;
petit;;;;
point;;;;
;;;;
n';;;;
etait;;;;
que;;;;
1'illustration;;;;
des;;;;
e;;;;
1;;;;
rontiine;;;;
;;;;
et;;;;
Jeanne;;X;;
eut;;;;
un;;;;
tressail;;;;
-;;;;
UNE;;;;
VIE;;;;
lement;;;;
de;;;;
plaisir;;;;
en;;;;
retrouvant;;;;
une;;;;
chaise;;;;
qulelle;;;;
avait;;;;
aimee;;;;
;;;;
etant;;;;
tout;;;;
enfant;;;;
;;;;
et;;;;
qui;;;;
reprsentait;;;;
1'histoire;;;;
du;;;;
Renard;;;;
et;;;;
de;;;;
la;;;;
Cigogne;;;;
.;;;;
A;;;;
cbt6;;;;
du;;;;
salon;;;;
s';;;;
ouvraient;;;;
la;;;;
bibliotheque;;;;
pleine;;;;
de;;;;
livres;;;;
anciens;;;;
;;;;
et;;;;
deux;;;;
autres;;;;
pieces;;;;
inutilises;;;;
;;;;
i;;;;
gauche;;;;
;;;;
la;;;;
salle;;;;
a;;;;
manger;;;;
en;;;;
boiseries;;;;
neuves;;;;
;;;;
la;;;;
lingerie;;;;
;;;;
l';;;;
office;;;;
;;;;
la;;;;
cuisine;;;;
et;;;;
un;;;;
petit;;;;
appartement;;;;
contenant;;;;
une;;;;
baignoire;;;;
.;;;;
Un;;;;
corridor;;;;
coupait;;;;
en;;;;
long;;;;
tout;;;;
le;;;;
premier;;;;
etage;;;;
.;;;;
Les;;;;
dix;;;;
portes;;;;
des;;;;
dix;;;;
chambres;;;;
s';;;;
alignaient;;;;
sur;;;;
cette;;;;
allee;;;;
.;;;;
Tout;;;;
au;;;;
fond;;;;
;;;;
droite;;;;
;;;;
6tait;;;;
l';;;;
appartement;;;;
de;;;;
Jeanne;;X;;
.;;;;
Ils;;;;
y;;;;
entrerent;;;;
.;;;;
Le;;X;;
baron;;X;;
venait;;;;
de;;;;
le;;;;
faire;;;;
remettre;;;;
neuf;;;;
;;;;
ayant;;;;
employe;;;;
simplement;;;;
des;;;;
tentures;;;;
et;;;;
des;;;;
meubles;;;;
restes;;;;
sans;;;;
usage;;;;
dans;;;;
les;;;;
greniern;;;;
.;;;;
Des;;;;
tapisseries;;;;
d';;;;
origine;;;;
flamande;;;;
;;;;
et;;;;
tres;;;;
vieilles;;;;
;;;;
.;;;;
peuplaient;;;;
ce;;;;
lieu;;;;
de;;;;
personnages;;;;
singuliers;;;;
.;;;;
Mais;;;;
;;;;
en;;;;
apercevant;;;;
son;;;;
lit;;;;
;;;;
la;;;;
jeune;;;;
fille;;;;
pous;;;;
des;;;;
cris;;;;
de;;;;
joie;;;;
.;;;;
Aux;;;;
quatre;;;;
coins;;;;
;;;;
gquatre;;;;
graneds;;;;
oiseaux;;;;
de;;;;
chene;;;;
;;;;
tout;;;;
noirs;;;;
et;;;;
luisants;;;;
de;;;;
eire;;;;
;;;;
portaient;;;;
la;;;;
couche;;;;
et;;;;
paraissaient;;;;
en;;;;
etre;;;;
les;;;;
gar;;;;
diens;;;;
.;;;;
Les;;;;
ctes;;;;
representaient;;;;
deux;;;;
larges;;;;
gir;;;;
landes;;;;
de;;;;
fleurs;;;;
et;;;;
de;;;;
fruits;;;;
seulptes;;;;
;;;;
;;;;
et;;;;
qutre;;;;
colonnes;;;;
finement;;;;
canelees;;;;
;;;;
que;;;;
terminaient;;;;
des;;;;
chapiteaux;;;;X
corinthiens;;;;X
;;;;
soulevaient;;;;
une;;;;
eorniche;;;;
de;;;;
roses;;;;
et;;;;
d';;;;
amours;;;;X
enroules;;;;
.;;;;
Il;;;;
se;;;;
dressait;;;;
monumental;;;;
;;;;
et;;;;
tout;;;;
graeieux;;;;
gepen;;;;
dant;;;;
;;;;
malgre;;;;
la;;;;
severite;;;;
du;;;;
bois;;;;
bruni;;;;
par;;;;
letemps;;;;
.;;;;
Le;;;;
couvre-pieds;;;;
et;;;;
la;;;;
tenture;;;;
du;;;;
ciel;;;;
de;;;;
lit;;;;
sinti';;;;
UNE;;;;
V11E;;;;
laient;;;;
comme;;;;
deux;;;;
firmaments;;;;
.;;;;
Ils;;;;
etaient;;;;
faits;;;;
d';;;;
une;;;;
soie;;;;
antique;;;;
d';;;;
un;;;;
bleu;;;;
fonc6;;;;
qu';;;;
etoilaient;;;;
par;;;;
places;;;;
de;;;;
grandes;;;;
fleurs;;;;
de;;;;
lis;;;;
brodes;;;;
en;;;;
or;;;;
.;;;;
uand;;;;
elle;;;;
l';;;;
eut;;;;
bien;;;;
admire;;;;
;;;;
Jeanne;;X;;
;;;;
elevant;;;;
sa;;;;
lumiere;;;;
;;;;
examina;;;;
les;;;;
tapisseries;;;;
pour;;;;
en;;;;
comprendre;;;;
le;;;;
sujet;;;;
.;;;;
Ln;;;;
jeune;;;;
seigneur;;;;
et;;;;
une;;;;
jeune;;;;
dame;;;;
habilles;;;;
en;;;;
vert;;;;
;;;;
en;;;;
rouge;;;;
et;;;;
en;;;;
jaune;;;;
;;;;
de;;;;
la;;;;
facon;;;;
la;;;;
plus;;;;
etrange;;;;
;;;;
causaient;;;;
sous;;;;
un;;;;
arbre;;;;
bleu;;;;
oi;;;;
mrissaient;;;;
des;;;;
fruils;;;;
blanes;;;;
.;;;;
Un;;;;
gros;;;;
lapin;;;;
de;;;;
meme;;;;
cotleur;;;;
hroutait;;;;
un;;;;
peu;;;;
d';;;;
herbe;;;;
grise;;;;
.;;;;
Juste;;;;
au-dessus;;;;
des;;;;
personnages;;;;
;;;;
dans;;;;
un;;;;
lointain;;;;
de;;;;
convention;;;;
;;;;
on;;;;
apercevait;;;;
cinq;;;;
petites;;;;
maisons;;;;
rodes;;;;
;;;;
aux;;;;
toits;;;;
aigus;;;;
;;;;
et;;;;
lh;;;;
-;;;;
haut;;;;
;;;;
presque;;;;
dans;;;;
le;;;;
iel;;;;
;;;;
un;;;;
moulin;;;;
a;;;;
vent;;;;
tout;;;;
rouge;;;;
.;;;;
e;;;;
grands;;;;
ramages;;;;
;;;;
flgurant;;;;
des;;;;
fleurs;;;;
;;;;
cireu-;;;;
;;;;
laient;;;;
dans;;;;
tout;;;;
ela;;;;
.;;;;
Les;;;;
deux;;;;
autres;;;;
panneaux;;;;
ressemblaient;;;;
beau-;;;;
eup;;;;
au;;;;
premier;;;;
;;;;
sauf;;;;
qu';;;;
on;;;;
voyait;;;;
sortir;;;;
des;;;;
mai-;;;;
shns;;;;
quatre;;;;
petits;;;;
bonshommes;;;;
vetus;;;;
a;;;;
la;;;;
facon;;;;
des;;;;
Flamands;;;;
et;;;;
qui;;;;
levaient;;;;
les;;;;
bras;;;;
au;;;;
ciel;;;;
en;;;;
signe;;;;
6tonnement;;;;
et;;;;
de;;;;
eolere;;;;
extremes;;;;
.;;;;
Mais;;;;
la;;;;
dernibre;;;;
tenture;;;;
representait;;;;
un;;;;
drame;;;;
.;;;;
Pres;;;;
du;;;;
lapin;;;;
qui;;;;
broutait;;;;
toujours;;;;
;;;;
le;;;;
jeune;;;;
homme;;;;
gtendu;;;;
semblait;;;;
mort;;;;
.;;;;
Lajeune;;;;
dame;;;;
;;;;
le;;;;
regardant;;;;
;;;;
eersit;;;;
le;;;;
sein;;;;
d';;;;
une;;;;
epee;;;;
;;;;
et;;;;
les;;;;
fruits;;;;
de;;;;
l';;;;
arbre;;;;
tient;;;;
devenus;;;;
noirs;;;;
.;;;;
Jeanne;;X;;
renoneait;;;;
comprendre;;;;
quand;;;;
elle;;;;
decou-;;;;
it;;;;
dans;;;;
un;;;;
coin;;;;
une;;;;
bestiole;;;;
microscopique;;;;
;;;;
que;;;;
leUNE;;;;
V1E;;;;
lapin;;;;
;;;;
s';;;;
il;;;;
ett;;;;
vecu;;;;
;;;;
aurait;;;;
pu;;;;
manger;;;;
comme;;;;
un;;;;
brin;;;;
d';;;;
herbe;;;;
.;;;;
Et;;;;
cependant;;;;
c';;;;
etait;;;;
un;;;;
lion;;;;
.;;;;
Alors;;;;
elle;;;;
reconnut;;;;
les;;;;
malheurs;;;;
de;;;;
Pyrame;;X;;
et;;;;
de;;;;
Thyshe;;X;;
;;;;
et;;;;
;;;;
quoiqu';;;;
elle;;;;
sourtt;;;;
de;;;;
la;;;;
simplicite;;;;
des;;;;
dessins;;;;
;;;;
elle;;;;
se;;;;
sentit;;;;
heureuse;;;;
d';;;;
etre;;;;
enfermee;;;;
dans;;;;
cette;;;;
aventure;;;;
d';;;;
amour;;;;
qui;;;;
parlerait;;;;
sans;;;;
cesse;;;;
h;;;;
sa;;;;
pensee;;;;
des;;;;
espoirs;;;;
ch6ris;;;;
;;;;
et;;;;
ferait;;;;
planer;;;;
;;;;
chaque;;;;
nuit;;;;
;;;;
sur;;;;
son;;;;
sommeil;;;;
;;;;
cette;;;;
tendresse;;;;
antique;;;;
et;;;;
legendaire;;;;
.;;;;
Tot;;;;
le;;;;
reste;;;;
du;;;;
mobilier;;;;
unissait;;;;
les;;;;
styles;;;;
les;;;;
plus;;;;
divers;;;;
.;;;;
C';;;;
etaient;;;;
ces;;;;
meubles;;;;
que;;;;
chaque;;;;
gene-;;;;
ration;;;;
laisse;;;;
dans;;;;
la;;;;
famille;;;;
et;;;;
qui;;;;
font;;;;
des;;;;
anciennes;;;;
maisons;;;;
des;;;;
sortes;;;;
de;;;;
musees;;;;
oi;;;;
tout;;;;
se;;;;
mele;;;;
.;;;;
Une;;;;X
commode;;;;X
Louis;;;;X
XIV;;;;X
superbe;;;;
;;;;
cuirassee;;;;
de;;;;
cuivres;;;;
eclatants;;;;
;;;;
etait;;;;
flanquee;;;;
de;;;;
deux;;;;
fauteuils;;;;X
Louis;;;;X
XV;;;;X
encore;;;;
vetus;;;;
de;;;;
leur;;;;
soie;;;;X
bouquets;;;;X
.;;;;
Un;;;;
secretaire;;;;
en;;;;
bois;;;;
de;;;;
rose;;;;
faisait;;;;
face;;;;
la;;;;
cheminee;;;;
qui;;;;
presentait;;;;
;;;;
sous;;;;
un;;;;
globe;;;;
rond;;;;
;;;;
une;;;;X
pendule;;;;X
de;;;;X
1Empire;;;;X
.;;;;
';;;;
etait;;;;
une;;;;
ruche;;;;
de;;;;
bronze;;;;
;;;;
suspendue;;;;
par;;;;
quatre;;;;
colonnes;;;;
de;;;;
marbre;;;;
au-dessus;;;;
d';;;;
un;;;;
jardin;;;;
.;;;;
de;;;;
fleurs;;;;
dorees;;;;
.;;;;
Un;;;;
minee;;;;
balancier;;;;
sortant;;;;
de;;;;
la;;;;
ruche;;;;
par;;;;
une;;;;
fente;;;;
allongee;;;;
promenait;;;;
eternel;;;;
lement;;;;
sur;;;;
ce;;;;
parterre;;;;
une;;;;
petite;;;;
abeille;;;;
aux;;;;
aile;;;;
.;;;;
d';;;;
email;;;;
.;;;;
Le;;;;
cadran;;;;
etait;;;;
en;;;;
faience;;;;
peinte;;;;
et;;;;
encadre;;;;
dans;;;;
le;;;;
flane;;;;
de;;;;
la;;;;
ruche;;;;
.;;;;
Elle;;;;
se;;;;
mit;;;;
a;;;;
sonner;;;;
onze;;;;
heures;;;;
.;;;;
e;;X;;
barohn;;X;;
em-;;;;
';;;;
brassa;;;;
sa;;;;
fille;;;;
;;;;
et;;;;
se;;;;
retira;;;;
chez;;;;
lui;;;;
.;;;;
UNE;;;;
VIE;;;;
Alors;;;;
;;;;
Jeanne;;X;;
;;;;
avec;;;;
regret;;;;
;;;;
se;;;;
coucha;;;;
.;;;;
D';;;;
un;;;;
dernier;;;;
regard;;;;
elle;;;;
parcourut;;;;
sa;;;;
chambre;;;;
;;;;
et;;;;
puis;;;;
eteignit;;;;
sa;;;;
bougie;;;;
.;;;;
Mais;;;;
le;;;;
lit;;;;
;;;;
dont;;;;
la;;;;
tete;;;;
seule;;;;
s';;;;
appuyait;;;;
h;;;;
la;;;;
muraille;;;;
;;;;
avait;;;;
une;;;;
fenetre;;;;
sur;;;;
sa;;;;
gauehe;;;;
;;;;
par;;;;
oi;;;;
entrait;;;;
un;;;;
flot;;;;
de;;;;
lune;;;;
qui;;;;
repan-;;;;
dait;;;;
terre;;;;
une;;;;
flaqe;;;;
de;;;;
clarte;;;;
.;;;;
Des;;;;
reflets;;;;
rejaillissaient;;;;
aux;;;;
murs;;;;
;;;;
des;;;;
reflets;;;;
pales;;;;
earessant;;;;
faiblement;;;;
les;;;;
amours;;;;
immobiles;;;;
de;;;;
Pyrame;;X;;
et;;;;
de;;;;
Thysbe;;X;;
.;;;;
Par;;;;
l';;;;
autre;;;;
fenetre;;;;
;;;;
en;;;;
face;;;;
de;;;;
ses;;;;
pieds;;;;
;;;;
Jeanne;;X;;
apercevait;;;;
';;;;
un;;;;
grand;;;;
arbre;;;;
tout;;;;
baigne;;;;
de;;;;
lumiere;;;;
douce;;;;
.;;;;
Elle;;;;
se;;;;
tourna;;;;
sur;;;;
le;;;;
c0t6;;;;
;;;;
ferma;;;;
les;;;;
yeux;;;;
;;;;
pis;;;;
;;;;
au;;;;
bout;;;;
de;;;;
quelque;;;;
temps;;;;
;;;;
les;;;;
rouvrit;;;;
.;;;;
Elle;;;;
croyait;;;;
se;;;;
sentir;;;;
encore;;;;
secouee;;;;
par;;;;
les;;;;
ahots;;;;
de;;;;
la;;;;
voiture;;;;
dont;;;;
le;;;;
roulement;;;;
continuait;;;;
dans;;;;
sa;;;;
tete;;;;
.;;;;
Elle;;;;
resta;;;;
d';;;;
abord;;;;
immobile;;;;
;;;;
esperant;;;;
que;;;;
ce;;;;
repos;;;;
la;;;;
ferait;;;;
enfin;;;;
s';;;;
endormir;;;;
;;;;
mais;;;;
l';;;;
im-;;;;
patienee;;;;
de;;;;
son;;;;
esprit;;;;
envahit;;;;
bient0;;;;
t;;;;
tout;;;;
son;;;;
sorps;;;;
.;;;;
Elle;;;;
avait;;;;
des;;;;
crispations;;;;
dans;;;;
les;;;;
jambes;;;;
;;;;
une;;;;
fievre;;;;
ui;;;;
grandissait;;;;
.;;;;
Alors;;;;
elle;;;;
se;;;;
leva;;;;
;;;;
et;;;;
;;;;
nu-;;;;
ieds;;;;
;;;;
nu;;;;
-;;;;
bras;;;;
;;;;
avee;;;;
sa;;;;
longue;;;;
chemise;;;;
qui;;;;
lui;;;;
don-;;;;
nait;;;;
l';;;;
aspeet;;;;
d';;;;
un;;;;
fant0me;;;;
;;;;
elle;;;;
traversa;;;;
la;;;;
mare;;;;
de;;;;
lumiere;;;;
repandue;;;;
sur;;;;
son;;;;
plancher;;;;
;;;;
ouvrit;;;;
sa;;;;
fenetre;;;;
legarda;;;;
.;;;;
La;;;;
nuit;;;;
etait;;;;
si;;;;
elaire;;;;
qu';;;;
on;;;;
y;;;;
voyait;;;;
comme;;;;
en;;;;
:;;;;
:;;;;
:;;;;
:;;;;
:;;;;
--;;;;
Ctait;;;;
d';;;;
abord;;;;
;;;;
en;;;;
face;;;;
d';;;;
elle;;;;
;;;;
un;;;;
large;;;;
gazonUNE;;;;
WIIE;;;;
jaune;;;;
comme;;;;
du;;;;
beurre;;;;
sous;;;;
la;;;;
lumiere;;;;
nocturne;;;;
.;;;;
Deux;;;;
arbres;;;;
geants;;;;
se;;;;
dressaient;;;;
aux;;;;
pointes;;;;
devant;;;;
le;;;;
chateau;;;;
;;;;
un;;;;
platane;;;;
au;X;;;
nord;X;;;
;;;;
un;;;;
tilleul;;;;
au;X;;;
sud;X;;;
.;;;;
Tout;;;;
aubout;;;;
de;;;;
la;;;;
grande;;;;
etendue;;;;
d';;;;
herbe;;;;
un;;;;
petit;;;;
bois;;;;
en;;;;
bosquet;;;;
terminait;;;;
ce;;;;
domaine;;;;
garanti;;;;
des;;;;
ouragans;;;;
du;;;;
large;;;;
par;;;;
cinq;;;;
rangs;;;;
dormes;;;;
;;;;
antiques;;;;
;;;;
tordus;;;;
;;;;
rases;;;;
;;;;
ronges;;;;
;;;;
tailles;;;;
en;;;;
pente;;;;
comme;;;;
un;;;;
toit;;;;
par;;;;
le;;;;
vent;;;;
de;;;;
mer;;;;
toujours;;;;
d6chatne;;;;
Cette;;;;
espece;;;;
de;;;;
parc;;;;
etait;;;;
.;;;;
born6;;;;
h;;;;
droite;;;;
et;;;;
h;;;;
gauche;;;;
par;;;;
deux;;;;
longues;;;;
avenues;;;;
de;;;;
peupliers;;;;
demesures;;;;
;;;;
appeles;;;;
peuples;;;;
en;;;;
Normandie;X;;;
;;;;
qui;;;;
se6-;;;;
paraient;;;;
la;;;;
residence;;;;
des;;;;
maitres;;;;
des;;;;
deux;;;;
fermes;;;;
y;;;;
attenantes;;;;
;;;;
oceupees;;;;
;;;;
l';;;;
une;;;;
par;;;;
la;;X;;
famille;;X;;
Couillard;;X;;
;;;;
l';;;;
autre;;;;
par;;;;
la;;X;;
famille;;X;;
Martin;;X;;
.;;;;
Ces;;;;
peuples;;;;
avaient;;;;
donne;;;;
leur;;;;
nom;;;;
au;;;;
;;;;
ehatea;;;;
Au;;;;
delh;;;;
de;;;;
cet;;;;
enelos;;;;
;;;;
s'6tendait;;;;
une;;;;
vastepline;;;;
ineulte;;;;
;;;;
semee;;;;
d';;;;
ajones;;;;
;;;;
ola;;;;
brise;;;;
sifflait;;;;
et;;;;
galopait;;;;
jour;;;;
et;;;;
nuit;;;;
.;;;;
Puis;;;;
soudain;;;;
la;;;;
cote;;;;
s';;;;
abatteit;;;;
en;;;;
ug;;;;
falaise;;;;
de;;;;
cent;;;;
metres;;;;
;;;;
droite;;;;
et;;;;
blanche;;;;
;;;;
baignant;;;;
son;;;;
pied;;;;
dans;;;;
les;;;;
vagues;;;;
.;;;;
Jeanne;;X;;
regardait;;;;
au;;;;
loin;;;;
la;;;;
longue;;;;
surfaemoie;;;;
des;;;;
flots;;;;
qui;;;;
semblaient;;;;
dormir;;;;
sous;;;;
les;;;;
etoiles;;;;
;;;;
Dans;;;;
cet;;;;
apaisement;;;;
du;;;;
soleil;;;;
absent;;;;
;;;;
toutesles;;;;
.;;;;
senteurs;;;;
de;;;;
la;;;;
terre;;;;
se;;;;
repandaient;;;;
.;;;;
Un;;;;
jasmin;;;;
grimpe;;;;
autour;;;;
des;;;;
fenetres;;;;
d';;;;
en;;;;
bas;;;;
exhalait;;;;
conti-;;;;
nuellement;;;;
son;;;;
haleine;;;;
p6netrante;;;;
qui;;;;
se;;;;
melait;;;;
h;;;;
lodeur;;;;
plus;;;;
l6gre;;;;
des;;;;
feuilles;;;;
nissantes;;;;
.;;;;
De;;;;
lente;;;;
.;;;;
rafales;;;;
passaient;;;;
apportant;;;;
les;;;;
saieurs;;;;
fortes;;;;
de;;;;
l';;;;
air;;;;
salin;;;;
et;;;;
de;;;;
la;;;;
seur;;;;
visqueuse;;;;
d;;;;
es;;;;
ssrhs;;;;
..;;;;
UNE;;;;
VIE;;;;
La;;;;
jeune;;;;
fille;;;;
s';;;;
abandonna;;;;
d';;;;
abord;;;;
au;;;;
bonheur;;;;
de;;;;
respirer;;;;
;;;;
et;;;;
le;;;;
repos;;;;
de;;;;
la;;;;
campagne;;;;
la;;;;
calma;;;;
comme;;;;
un;;;;
bain;;;;
frais;;;;
.;;;;
Toutes;;;;
les;;;;
betes;;;;
qui;;;;
s';;;;
eveillent;;;;
quand;;;;
vient;;;;
le;;;;
soir;;;;
;;;;
et;;;;
cachent;;;;
leur;;;;
existence;;;;
obscure;;;;
dans;;;;
la;;;;
tranquil-;;;;
Iite;;;;
des;;;;
nuits;;;;
;;;;
emplissaient;;;;
les;;;;
demi-tenebres;;;;
d';;;;
une;;;;
agitation;;;;
silencieuse;;;;
.;;;;
De;;;;
grands;;;;
oiseaux;;;;
qui;;;;
ne;;;;
riaient;;;;
point;;;;
fuyaient;;;;
dans;;;;
l';;;;
air;;;;
comme;;;;
des;;;;
taches;;;;
;;;;
domme;;;;
des;;;;
ombres;;;;
;;;;
des;;;;
bourdonnements;;;;
d';;;;
insectes;;;;
invisihles;;;;
effleuraient;;;;
l';;;;
oreille;;;;
;;;;
des;;;;
courses;;;;
muettes;;;;
traversaient;;;;
l';;;;
herbe;;;;
pleine;;;;
de;;;;
rosee;;;;
ou;;;;
le;;;;
sable;;;;
des;;;;
chemins;;;;
deserts;;;;
.;;;;
Seuls;;;;
quelques;;;;
crapauds;;;;
melancoliques;;;;
poussaient;;;;
vers;;;;
la;;;;
lune;;;;
leur;;;;
note;;;;
courte;;;;
et;;;;
monotone;;;;
.;;;;
II;;;;
semblait;;;;
Jeanne;;X;;
que;;;;
son;;;;
coeur;;;;
s';;;;
elargissait;;;;
;;;;
plein;;;;
de;;;;
murmures;;;;
comime;;;;
cette;;;;
soiree;;;;
claire;;;;
;;;;
four-;;;;
millant;;;;
soudain;;;;
de;;;;
mille;;;;
desirs;;;;
r0deurs;;;;
;;;;
pareils;;;;
a.;;;;
es;;;;
betes;;;;
noeturnes;;;;
dont;;;;
le;;;;
fremissement;;;;
l';;;;
entourait;;;;
.;;;;
ne;;;;
affinit6;;;;
lunissait;;;;
a;;;;
cette;;;;
poesie;;;;
vivante;;;;
;;;;
et;;;;
ns;;;;
la;;;;
molle;;;;
blancheur;;;;
de;;;;
la;;;;
nuit;;;;
elle;;;;
sentait;;;;
courir;;;;
esfrissons;;;;
surhumains;;;;
;;;;
palpiter;;;;
des;;;;
espoirs;;;;
in-;;;;
ssissables;;;;
;;;;
quelque;;;;
chose;;;;
comme;;;;
un;;;;
souffle;;;;
de;;;;
yiheuar;;;;
.;;;;
Et;;;;
elle;;;;
se;;;;
mit;;;;
rever;;;;
d';;;;
amour;;;;
.;;;;
L';;;;
amourt;;;;
Il;;;;
lemplissait;;;;
depuis;;;;
deux;;;;
annees;;;;
de;;;;
xite;;;;
eroissante;;;;
de;;;;
son;;;;
approehe;;;;
.;;;;
Maintenant;;;;
e;;;;
tait;;;;
libhre;;;;
d';;;;
aimer;;;;
;;;;
elle;;;;
n';;;;
avait;;;;
plus;;;;
qu';;;;
a;;;;
le;;;;
ren-;;;;
iAtt;;;;
;;;;
.;;;;
lomnmnent;;;;
serait;;;;
-il;;;;
Ele;;;;
ne;;;;
le;;;;
savait;;;;
pas;;;;
au;;;;
ijuste;;;;
UNE;;;;
VIE;;;;
et;;;;
ne;;;;
se;;;;
le;;;;
demandait;;;;
meme;;;;
pas;;;;
.;;;;
Il;;;;
serait;;;;
lui;;;;
;;;;
voila;;;;
tout;;;;
.;;;;
Elle;;;;
savait;;;;
seulement;;;;
qu';;;;
elle;;;;
l';;;;
adorerait;;;;
de;;;;
toute;;;;
son;;;;
ame;;;;
et;;;;
qu';;;;
il;;;;
la;;;;
cherirait;;;;
de;;;;
toute;;;;
sa;;;;
force;;;;
.;;;;
Ils;;;;
se;;;;
promeneraient;;;;
par;;;;
les;;;;
soirs;;;;
pareils;;;;
h;;;;
celui-ci;;;;
;;;;
sous;;;;
la;;;;
cendre;;;;
lumineuse;;;;
qui;;;;
tombait;;;;
des;;;;
etoiles;;;;
.;;;;
Ils;;;;
iraient;;;;
;;;;
les;;;;
mains;;;;
dans;;;;
les;;;;
mains;;;;
;;;;
serres;;;;
l';;;;
un;;;;
contre;;;;
l';;;;
autre;;;;
;;;;
entendant;;;;
battre;;;;
leurs;;;;
ceurs;;;;
;;;;
sentant;;;;
la;;;;
chaleur;;;;
de;;;;
leurs;;;;
epaules;;;;
;;;;
melant;;;;
leur;;;;
amour;;;;
a;;;;
la;;;;
limpidite;;;;
suave;;;;
des;;;;
nuits;;;;
d';;;;
ete;;;;
;;;;
tellement;;;;
unis;;;;
qu';;;;
ils;;;;
penetreraient;;;;
aisement;;;;
;;;;
par;;;;
la;;;;
seule;;;;
puis-;;;;
sance;;;;
de;;;;
leur;;;;
tendresse;;;;
;;;;
jusqu;;;;
';;;;
leurs;;;;
plus;;;;
secretes;;;;
pensees;;;;
.;;;;
Et;;;;
cela;;;;
continuerait;;;;
indefiniment;;;;
;;;;
dans;;;;
la;;;;
serenite;;;;
d';;;;
une;;;;
affection;;;;
indestructible;;;;
.;;;;
Et;;;;
il;;;;
lui;;;;
sembla;;;;
soudain;;;;
qu';;;;
elle;;;;
le;;;;
sentait;;;;
lh;;;;
;;;;
contre;;;;
elle;;;;
;;;;
et;;;;
brusquement;;;;
un;;;;
vague;;;;
frisson;;;;
de;;;;
sensualit6;;;;
lui;;;;
courut;;;;
des;;;;
pieds;;;;
a;;;;
la;;;;
tete;;;;
.;;;;
Elle;;;;
serra;;;;
ses;;;;
bras;;;;
';;;;
contre;;;;
sa;;;;
poitrine;;;;
;;;;
d';;;;
un;;;;
mouvement;;;;
inconscient;;;;
;;;;
comme;;;;
pour;;;;
etreindre;;;;
son;;;;
reve;;;;
;;;;
et;;;;
sur;;;;
sa;;;;
lre-;;;;
tendue;;;;
vers;;;;
l';;;;
inconnu;;;;
quelque;;;;
chose;;;;
passa;;;;
ui;;;;
la;;;;
fit;;;;
presque;;;;
defaillir;;;;
;;;;
comme;;;;
si;;;;
l';;;;
haleine;;;;
du;;;;
printemps;;;;
lui;;;;
et;;;;
donne;;;;
un;;;;
baier;;;;
d';;;;
amour;;;;
.;;;;
Tout;;;;
coup;;;;
;;;;
la;;;;
-;;;;
bas;;;;
;;;;
derribre;;;;
.;;;;
le;;;;
chteau;;;;
;;;;
surla;;;;
.;;;;
route;;;;
elle;;;;
entendit;;;;
marcher;;;;
dans;;;;
Ia;;;;
nuit;;;;
:;;;;
Et;;;;
dans;;;;
un;;;;
elan;;;;
de;;;;
son;;;;
ame;;;;
affole;;;;
;;;;
dans;;;;
un;;;;
transportd;;;;
foi;;;;
a;;;;
l';;;;
impossible;;;;
;;;;
aux;;;;
hasards;;;;
providentiels;;;;
;;;;
ux;;;;
pressentiments;;;;
divins;;;;
;;;;
aux;;;;
romanesues;;;;
eombinaie;;;;
sons;;;;
du;;;;
sort;;;;
;;;;
elle;;;;
pensa;;;;
:;;;;
aSi;;;;
c';;;;
etait;;;;
lui;;;;
?;;;;
BIle;;;;
ecsu;;;;
-;;;;
UNE;;;;
VIE;;;;
tait;;;;
anxieusement;;;;
le;;;;
pas;;;;
rythme;;;;
du;;;;
marcheur;;;;
;;;;
sre;;;;
qu';;;;
il;;;;
allait;;;;
s';;;;
arreter;;;;
hla;;;;
grille;;;;
pour;;;;
demander;;;;
l';;;;
hos-;;;;
pitalite;;;;
.;;;;
Lorsqu';;;;
il;;;;
futpasse;;;;
;;;;
elle;;;;
se;;;;
sentittriste;;;;
comme;;;;
apres;;;;
une;;;;
deception;;;;
.;;;;
Mais;;;;
elle;;;;
comprit;;;;
l';;;;
exaltation;;;;
de;;;;
son;;;;
espoir;;;;
et;;;;
sourit;;;;
de;;;;
sa;;;;
demence;;;;
.;;;;
Alors;;;;
;;;;
un;;;;
peu;;;;
calmee;;;;
;;;;
elle;;;;
laissa;;;;
flotter;;;;
son;;;;
esprit;;;;
au;;;;
courant;;;;
d';;;;
une;;;;
reverie;;;;
plus;;;;
raisonnable;;;;
;;;;
cherchant;;;;
a;;;;
penetrer;;;;
l';;;;
avenir;;;;
;;;;
echafaudant;;;;
son;;;;
existence;;;;
.;;;;
Avee;;;;
lui;;;;
elle;;;;
vivrait;;;;
ici;;;;
;;;;
dans;;;;
ce;;;;
calme;;;;
chteau;;;;
qui;;;;
dominait;;;;
la;;;;
mer;;;;
.;;;;
Elle;;;;
aurait;;;;
sans;;;;
doute;;;;
deux;;;;
enfants;;;;
;;;;
un;;;;
fils;;;;
pour;;;;
lui;;;;
;;;;
une;;;;
fille;;;;
pour;;;;
elle;;;;
.;;;;
Et;;;;
elle;;;;
les;;;;
voyait;;;;
courant;;;;
sur;;;;
l';;;;
herhe;;;;
entre;;;;
le;;;;
platane;;;;
et;;;;
le;;;;
tillel;;;;
;;;;
tandis;;;;
que;;;;
le;;;;
pere;;;;
et;;;;
la;;;;
mere;;;;
les;;;;
suivraient;;;;
dun;;;;
eil;;;;
ravi;;;;
;;;;
en;;;;
echangeant;;;;
par;;;;
-;;;;
dessus;;;;
leurs;;;;
tetes;;;;
ies;;;;
regards;;;;
pleins;;;;
de;;;;
passion;;;;
.;;;;
 ;;;;
elle;;;;
resta;;;;
longtemps;;;;
;;;;
longtemps;;;;
;;;;
a;;;;
revasser;;;;
oinsi;;;;
tandis;;;;
que;;;;
la;;;;
lune;;;;
;;;;
achevant;;;;
son;;;;
voyage;;;;
h;;;;
tra-;;;;
ers;;;;
le;;;;
ciel;;;;
;;;;
allait;;;;
disparattre;;;;
dans;;;;
la;;;;
mer;;;;
.;;;;
L';;;;
air;;;;
venait;;;;
plus;;;;
frais;;;;
.;;;;
Vers;;;;
1'0rient;X;;;
;;;;
1'horizon;;;;
plis-;;;;
sit;;;;
Un;;;;
coq;;;;
chanta;;;;
dans;;;;
la;;;;
ferme;;;;
de;;;;
droite;;;;
;;;;
d';;;;
autres;;;;
ondirent;;;;
dans;;;;
la;;;;
ferme;;;;
de;;;;
gauche;;;;
.;;;;
Leurs;;;;
voix;;;;
enrouees;;;;
semblaient;;;;
venir;;;;
de;;;;
trbs;;;;
loin;;;;
a;;;;
travers;;;;
la;;;;
loison;;;;
des;;;;
poulaillers;;;;
;;;;
et;;;;
dans;;;;
limmense;;;;
votte;;;;
du;;;;
iel;;;;
blanehie;;;;
insensiblement;;;;
;;;;
les;;;;
etoiles;;;;
disparais-;;;;
E;;;;
;;;;
n;;;;
pelit;;;;
cri;;;;
d';;;;
oiseau;;;;
s';;;;
aveilla;;;;
quelue;;;;
part;;;;
.;;;;
Des;;;;
.;;;;
eaoeillements;;;;
;;;;
timides;;;;
d';;;;
abord;;;;
;;;;
sortirent;;;;
des;;;;
ile;;;;
;;;;
puis;;;;
ils;;;;
s';;;;
enhardirent;;;;
;;;;
devinrent;;;;
vibrants;;;;
;;;;
UNE;;;;
Y1I;;;;
joyeux;;;;
;;;;
gagnant;;;;
de;;;;
branche;;;;
en;;;;
branche;;;;
;;;;
d';;;;
arbre;;;;
en;;;;
arbre;;;;
;;;;
Jeanne;;X;;
soudain;;;;
se;;;;
sentit;;;;
dans;;;;
une;;;;
clarte;;;;
;;;;
et;;;;
;;;;
levant;;;;
la;;;;
tete;;;;
qu';;;;
elle;;;;
avait;;;;
cachee;;;;
en;;;;
ses;;;;
mains;;;;
;;;;
elle;;;;
ferma;;;;
les;;;;
yeux;;;;
;;;;
eblouie;;;;
par;;;;
le;;;;
resplendissement;;;;
de;;;;
l';;;;
aurore;;;;
.;;;;
Une;;;;
montagne;;;;
de;;;;
nuages;;;;
empourpres;;;;
;;;;
caches;;;;
en;;;;
partie;;;;
derriere;;;;
la;;;;
grande;;;;
allee;;;;
de;;;;
peuples;;;;
;;;;
jetait;;;;
des;;;;
lueurs;;;;
de;;;;
sang;;;;
sur;;;;
la;;;;
terre;;;;
reveillee;;;;
.;;;;
Etlentement;;;;
;;;;
crevant;;;;
lesnuees;;;;
6clatantes;;;;
;;;;
criblant;;;;
de;;;;
feu;;;;
les;;;;
arbres;;;;
;;;;
les;;;;
plaines;;;;
;;;;
lOcean;;;;
;;;;
tout;;;;
l';;;;
horizon;;;;
;;;;
l';;;;
immense;;;;
globe;;;;
flamboyant;;;;
parut;;;;
.;;;;
Et;;;;
Jeanne;;X;;
se;;;;
sentait;;;;
devenir;;;;
folle;;;;
de;;;;
bonheur;;;;
.;;;;
Une;;;;
joie;;;;
delirante;;;;
;;;;
un;;;;
attendrissement;;;;
infini;;;;
devant;;;;
la;;;;
splendeur;;;;
des;;;;
choses;;;;
noya;;;;
son;;;;
ceur;;;;
qui;;;;
defail-;;;;
lait;;;;
.;;;;
C';;;;
etaient;;;;
son;;;;
soleil;;;;
l;;;;
son;;;;
aurore;;;;
l;;;;
le;;;;
commen;;;;
cement;;;;
de;;;;
sa;;;;
vie;;;;
l;;;;
le;;;;
lever;;;;
de;;;;
ses;;;;
esperaneesl;;;;
.;;;;
Blle;;;;
tendit;;;;
les;;;;
bras;;;;
vers;;;;
l';;;;
espace;;;;
rayonnant;;;;
;;;;
avee;;;;
;;;;
une;;;;
.;;;;
envie;;;;
d';;;;
embrasser;;;;
le;;;;
soleil;;;;
;;;;
elle;;;;
voulait;;;;
paler;;;;
crier;;;;
quelque;;;;
chose;;;;
de;;;;
divin;;;;
comme;;;;
cette;;;;
eclosion;;;;
d;;;;
jour;;;;
;;;;
mais;;;;
elle;;;;
demeurait;;;;
paralysee;;;;
dans;;;;
unenthou-;;;;
siasme;;;;
impuissant;;;;
.;;;;
Alors;;;;
;;;;
posant;;;;
son;;;;
front;;;;
dansses;;;;
';;;;
mains;;;;
;;;;
elle;;;;
sentit;;;;
ses;;;;
yeux;;;;
pleins;;;;
de;;;;
larnies;;;;
;;;;
etelle;;;;
pleura;;;;
delicieusement;;;;
;;;;
.;;;;
Lorsqu';;;;
elle;;;;
releva;;;;
la;;;;
tete;;;;
;;;;
le;;;;
de6cor;;;;
superbe;;;;
dujou;;;;
.;;;;
naissant;;;;
avait;;;;
dej;;;;
disparu;;;;
.;;;;
Elle;;;;
se;;;;
sentit;;;;
elle;;;;
-;;;;
meme;;;;
apaisee;;;;
;;;;
un;;;;
peu;;;;
lasse;;;;
;;;;
comme;;;;
refroidie;;;;
.;;;;
Sans;;;;
fermer;;;;
sa;;;;
fenetre;;;;
;;;;
elle;;;;
alla;;;;
s';;;;
etendre;;;;
sur;;;;
son;;;;
lit;;;;
;;;;
reva;;;;
encore;;;;
quelques;;;;
minutes;;;;
;;;;
et;;;;
s';;;;
endormit;;;;
si;;;;
profondementUNE;;;;
V1E;;;;
qu;;;;
';;;;
huit;;;;
heures;;;;
elle;;;;
n';;;;
entendit;;;;
point;;;;
les;;;;
appels;;;;
de;;;;
son;;;;
pere;;;;
et;;;;
se;;;;
reveilla;;;;
seulement;;;;
lorsqu';;;;
il;;;;
entra;;;;
dans;;;;
.-.E;;;;
chateau;;;;
;;;;
de;;;;
son;;;;
chteau;;;;
.;;;;
La;;;;
fagade;;;;
qui;;;;
donnait;;;;
sur;;;;
l';;;;
interieur;;;;
des;;;;
terres;;;;
etait';;;;
separee;;;;
du;;;;
chemin;;;;
par;;;;
une;;;;
vaste;;;;
cour;;;;
plantee;;;;
de;;;;
pomimiers;;;;
.;;;;
Ce;;;;
chemin;;;;
;;;;
dit;;;;
vicinal;;;;
;;;;
curant;;;;
entre;;;;
lesenclos;;;;
des;;;;
paysans;;;;
;;;;
joignait;;;;
;;;;
une;;;;
demi-lieue;;;;
pls;;;;
loin;;;;
;;;;
la;;;;
grande;;;;
route;;;;
du;;;;
Havre;;;;
a;;;;
Fecamp;;;;
.;;;;
Une;;;;
allee;;;;
droite;;;;
venait;;;;
de;;;;
la;;;;
barriere;;;;
de;;;;
bois;;;;
iusgu';;;;
au;;;;
perron;;;;
.;;;;
Les;;;;
communs;;;;
;;;;
petits;;;;
btiments;;;;
en;;;;
caillnu;;;;
de;;;;
mer;;;;
;;;;
coiffes;;;;
de;;;;
chaume;;;;
;;;;
s';;;;
alignaient;;;;
des;;;;
deux;;;;
cttes;;;;
de;;;;
la;;;;
cour;;;;
;;;;
le;;;;
long;;;;
des;;;;
fosses;;;;
des;;;;
deux;;;;
e;;;;
Les;;;;
;;;;
couvertures;;;;
etaient;;;;
refaites;;;;
a;;;;
neuf;;;;
;;;;
toute;;;;
la;;;;
menuiserie;;;;
avait;;;;
ete;;;;
restauree;;;;
;;;;
les;;;;
murs;;;;
repares;;;;
;;;;
les;;;;
hambres;;;;
retapissees;;;;
;;;;
tout;;;;
.;;;;
l';;;;
interieur;;;;
repeint;;;;
.;;;;
Et;;;;
le;;;;
-;;;;
iex;;;;
manoir;;;;
terni;;;;
;;;;
portait;;;;
;;;;
comme;;;;
des;;;;
taches;;;;
;;;;
ses;;;;
contrevents;;;;
frais;;;;
;;;;
d';;;;
un;;;;
blane;;;;
d';;;;
arcgent;;;;
;;;;
et;;;;
ses;;;;
repl-;;;;
agee;;;;
recents;;;;
sur;;;;
sa;;;;
grande;;;;
facade;;;;
grisutre;;;;
.;;;;
L';;;;
autre;;;;
faeade;;;;
;;;;
celle;;;;
on;;;;
s';;;;
ouvrait;;;;
une;;;;
des;;;;
fenetres;;;;
de;;;;
Jeanne;;;;
;;;;
regardait;;;;
au;;;;
loin;;;;
la;;;;
mer;;;;
par;;;;
-;;;;
dessus;;;;
le;;;;
oset;;;;
et;;;;
la;;;;
muraille;;;;
d';;;;
ormes;;;;
ronges;;;;
du;;;;
vent;;;;
.;;;;
enne;;;;
et;;;;
le;;;;
baron;;;;
;;;;
bras;;;;
dessus;;;;
bras;;;;
dessous;;;;
;;;;
visi-;;;;
terenttout;;;;
;;;;
sans;;;;
omettre;;;;
un;;;;
eoin;;;;
;;;;
puis;;;;
ils;;;;
se;;;;
prome-;;;;
erent;;;;
lentement;;;;
dans;;;;
les;;;;
longues;;;;
avenues;;;;
de;;;;
peu-;;;;
plie;;;;
;;;;
qu;;;;
enermaient;;;;
ce;;;;
qu';;;;
on;;;;
appelait;;;;
le;;;;
pare;;;;
.;;;;
I;;;;
22;;;;
UNE;;;;
VIE;;;;
L';;;;
herbe;;;;
avait;;;;
pousse;;;;
sous;;;;
les;;;;
arbres;;;;
;;;;
etalant;;;;
son;;;;
tapis;;;;
vert;;;;
.;;;;
Le;;;;
bosquet;;;;
;;;;
tout;;;;
au;;;;
bout;;;;
;;;;
etait;;;;
charmant;;;;
;;;;
melait;;;;
ses;;;;
petits;;;;
chemins;;;;
tortueux;;;;
;;;;
separes;;;;
par;;;;
des;;;;
cloisons;;;;
de;;;;
feuilles;;;;
.;;;;
Un;;;;
lievre;;;;
partit;;;;
brusquement;;;;
;;;;
qui;;;;
fit;;;;
peur;;;;
a;;;;
la;;;;
jeune;;;;
fille;;;;
;;;;
puis;;;;
il;;;;
sauta;;;;
le;;;;
talus;;;;
et;;;;
detala;;;;
dans;;;;
les;;;;
joncs;;;;
marins;;;;
vers;;;;
la;;;;
falaise;;;;
.;;;;
Apres;;;;
le;;;;
dejeuner;;;;
;;;;
comme;;;;
madame;;;;
Adelaide;;;;
;;;;
encore;;;;
extenuee;;;;
;;;;
declarait;;;;
qu';;;;
elle;;;;
allait;;;;
se;;;;
reposer;;;;
;;;;
le;;;;
baron;;;;
proposa;;;;
de;;;;
descendre;;;;
jusqu;;;;
';;;;
Yport;;;;
.;;;;
Ils;;;;
partirent;;;;
;;;;
traversant;;;;
d';;;;
abord;;;;
le;;;;
hameau;;;;
d';;;;
E-;;;;
touvent;;;;
;;;;
o;;;;
se;;;;
trouvaient;;;;
les;;;;
Peuples;;;;
.;;;;
Trois;;;;
paysans;;;;
les;;;;
saluerent;;;;
comme;;;;
s';;;;
ils;;;;
les;;;;
eussent;;;;
connus;;;;
de;;;;
tout;;;;
temps;;;;
.;;;;
Ils;;;;
entrerent;;;;
dans;;;;
les;;;;
bois;;;;
en;;;;
pente;;;;
quis';;;;
abaissent;;;;
jusqu;;;;
';;;;
la;;;;
mer;;;;
en;;;;
suivant;;;;
une;;;;
vallee;;;;
tournante;;;;
.;;;;
Bientot;;;;
apparut;;;;
le;;;;
village;;;;
d';;;;
Yport;;;;
.;;;;
Des;;;;
femmes;;;;
qui;;;;
raecomodaient;;;;
des;;;;
hardes;;;;
;;;;
assises;;;;
sur;;;;
le;;;;
seuil;;;;
de;;;;
leurs;;;;
demeures;;;;
;;;;
les;;;;
regardaient;;;;
passe;;;;
..;;;;
La;;;;
rue;;;;
inclinee;;;;
;;;;
avec;;;;
un;;;;
ruisseau;;;;
dans;;;;
le;;;;
milieiet;;;;
des;;;;
tas;;;;
de;;;;
debris;;;;
tratnant;;;;
devant;;;;
les;;;;
portes;;;;
;;;;
exhalaitune;;;;
odeur;;;;
forte;;;;
de;;;;
saumure;;;;
.;;;;
Les;;;;
filets;;;;
bruns;;;;
;;;;
ourestaient;;;;
de;;;;
place;;;;
en;;;;
place;;;;
des;;;;
ecailles;;;;
luisantes;;;;
pareilles;;;;
a;;;;
despiecettes;;;;
d';;;;
argent;;;;
;;;;
sechaient;;;;
contre;;;;
les;;;;
portes;;;;
des;;;;
taudis;;;;
d';;;;
ou;;;;
sortaient;;;;
les;;;;
senteurs;;;;
des;;;;
familles;;;;
nom-;;;;
breuses;;;;
grouillant;;;;
dans;;;;
une;;;;
seule;;;;
pibece;;;;
.;;;;
;;;;
;;;;
Quelques;;;;
pigeons;;;;
se;;;;
promenaient;;;;
au;;;;
bord;;;;
duruis-;;;;
seau;;;;
;;;;
cherchant;;;;
leur;;;;
vie;;;;
.;;;;
Jeanne;;;;
regardait;;;;
tout;;;;
cela;;;;
qui;;;;
lui;;;;
semblait;;;;
curieux;;;;
et;;;;
nouveau;;;;
comme;;;;
un;;;;
decor;;;;
de;;;;
theatre;;;;
.;;;;
UNE;;;;
v1E;;;;
Mais;;;;
brusquement;;;;
;;;;
en;;;;
tournant;;;;
un;;;;
mur;;;;
;;;;
elle;;;;
apercut;;;;
la;;;;
mer;;;;
;;;;
d';;;;
un;;;;
bleu;;;;
opaque;;;;
et;;;;
lisse;;;;
;;;;
s';;;;
eten-;;;;
dant;;;;
a;;;;
perte;;;;
de;;;;
vue;;;;
.;;;;
Ils;;;;
s';;;;
arreterent;;;;
;;;;
en;;;;
face;;;;
de;;;;
la;;;;
plage;;;;
;;;;
a;;;;
regarder;;;;
.;;;;
Des;;;;
voiles;;;;
;;;;
blanches;;;;
comme;;;;
des;;;;
ailes;;;;
d';;;;
oiseaux;;;;
;;;;
pas-;;;;
saient;;;;
aularge;;;;
.;;;;
A;;;;
droite;;;;
comme;;;;
gauche;;;;
;;;;
la;;;;
falaise;;;;
enorme;;;;
se;;;;
dressait;;;;
.;;;;
Une;;;;
sorte;;;;
de;;;;
cap;;;;
arretait;;;;
le;;;;
re-;;;;
gard;;;;
d';;;;
un;;;;
cote;;;;
;;;;
tandis;;;;
que;;;;
de;;;;
l';;;;
autre;;;;
la;;;;
ligne;;;;
des;;;;
c0tes;;;;
se;;;;
prolongeait;;;;
indefiniment;;;;
jusqu;;;;
';;;;
n';;;;
etre;;;;
plus;;;;
qu';;;;
un;;;;
trait;;;;
insaisissable;;;;
.;;;;
.Un;;;;
port;;;;
et;;;;
des;;;;
maisons;;;;
apparaissaient;;;;
dans;;;;
une;;;;
de;;;;
ses;;;;
dechirures;;;;
prochaines;;;;
;;;;
et;;;;
de;;;;
tous;;;;
petits;;;;
flots;;;;
qui;;;;
faisaient;;;;
la;;;;
mer;;;;
une;;;;
frange;;;;
d'6cume;;;;
roulaient;;;;
sur;;;;
le;;;;
galet;;;;
avec;;;;
un;;;;
bruit;;;;
leger;;;;
.;;;;
Les;;;;
barques;;;;
du;;;;
pays;;;;
;;;;
halees;;;;
sur;;;;
la;;;;
pente;;;;
de;;;;
cail-;;;;
loux;;;;
ronds;;;;
;;;;
reposaient;;;;
sur;;;;
le;;;;
flanc;;;;
;;;;
tendant;;;;
au;;;;
soleil;;;;
leurs;;;;
joues;;;;
rondes;;;;
vernies;;;;
de;;;;
goudron;;;;
.;;;;
Quelques;;;;
pecheurs;;;;
les;;;;
preparaient;;;;
pour;;;;
la;;;;
maree;;;;
du;;;;
soir;;;;
.;;;;
Un;;;;
matelot;;;;
s';;;;
approcha;;;;
pour;;;;
offrir;;;;
du;;;;
poisson;;;;
;;;;
et-;;;;
Jeanne;;;;
acheta;;;;
une;;;;
barbue;;;;
qu';;;;
elle;;;;
voulut;;;;
rapporter;;;;
elle;;;;
-;;;;
meme;;;;
aux;;;;
Peuples;;;;
.;;;;
Alors;;;;
l';;;;
homme;;;;
proposa;;;;
ses;;;;
services;;;;
pour;;;;
des;;;;
promenades;;;;
en;;;;
mer;;;;
;;;;
repetant;;;;
son;;;;
nom;;;;
coup;;;;
sur;;;;
cop;;;;
afin;;;;
de;;;;
le;;;;
faire;;;;
bien;;;;
entrer;;;;
dans;;;;
les;;;;
memoires;;;;
:;;;;
Lastique;;;;
;;;;
Josephin;;;;
Lastique;;;;
.;;;;
n;;;;
Le;;;;
bharon;;;;
promit;;;;
de;;;;
ne;;;;
pas;;;;
l';;;;
oublier;;;;
.;;;;
Ils;;;;
reprirent;;;;
le;;;;
chemin;;;;
du;;;;
chteau;;;;
.;;;;
1;;;;
Comme;;;;
le;;;;
gros;;;;
poisson;;;;
fatiguait;;;;
Jeanne;;;;
;;;;
elle;;;;
lui;;;;
passa;;;;
dans;;;;
les;;;;
ouies;;;;
la;;;;
canne;;;;
de;;;;
son;;;;
pere;;;;
;;;;
dont26;;;;
uNE;;;;
VIE;;;;
celante;;;;
au;;;;
soleil;;;;
avec;;;;
une;;;;
voile;;;;
a;;;;
lhorizon;;;;
;;;;
il;;;;
lui;;;;
venait;;;;
des;;;;
joies;;;;
desordonnees;;;;
comme;;;;
l';;;;
approche;;;;
myst6rieuse;;;;
de;;;;
bonheurs;;;;
planant;;;;
sur;;;;
elle;;;;
.;;;;
Un;;;;
amour;;;;
de;;;;
la;;;;
solitude;;;;
lenvahissait;;;;
dans;;;;
la;;;;
douceur;;;;
de;;;;
ce;;;;
frais;;;;
pays;;;;
;;;;
et;;;;
dans;;;;
le;;;;
calme;;;;
des;;;;
hori-;;;;
zons;;;;
arrondis;;;;
;;;;
et;;;;
elle;;;;
restait;;;;
si;;;;
longtemps;;;;
assise;;;;
sur;;;;
lesommet;;;;
des;;;;
collines;;;;
que;;;;
des;;;;
petits;;;;
lapins;;;;
sauvages;;;;
passaient;;;;
en;;;;
bondissant;;;;
a;;;;
ses;;;;
pieds;;;;
.;;;;
Elle;;;;
se;;;;
mettait;;;;
souvent;;;;
courir;;;;
sur;;;;
la;;;;
falaise;;;;
;;;;
fouettee;;;;
par;;;;
l';;;;
air;;;;
leger;;;;
des;;;;
ctes;;;;
;;;;
toute;;;;
vibrante;;;;
d';;;;
une;;;;
jouissance;;;;
exquise;;;;
a;;;;
se;;;;
mouvoir;;;;
sans;;;;
fatigue;;;;
comme;;;;
les;;;;
poissons;;;;
dans;;;;
l';;;;
eau;;;;
ou;;;;
les;;;;
hirondelles;;;;
dans;;;;
l';;;;
air;;;;
.;;;;
Elle;;;;
semait;;;;
partout;;;;
des;;;;
souvenirs;;;;
comme;;;;
on;;;;
jette;;;;
des;;;;
;;;;
graines;;;;
en;;;;
terre;;;;
;;;;
de;;;;
ces;;;;
souvenirs;;;;
dont;;;;
les;;;;
ra-;;;;
cines;;;;
tiennentjusqu';;;;
a;;;;
la;;;;
mort;;;;
.;;;;
Il;;;;
lui;;;;
semblait;;;;
ulelle;;;;
jetait;;;;
un;;;;
peu;;;;
de;;;;
son;;;;
coeur;;;;
tous;;;;
les;;;;
plis;;;;
de;;;;
ces;;;;
vallons;;;;
.;;;;
Elle;;;;
se;;;;
mit;;;;
a;;;;
prendre;;;;
des;;;;
bains;;;;
avee;;;;
pssion;;;;
;;;;
Ele;;;;
nageait;;;;
a;;;;
perte;;;;
de;;;;
vue;;;;
;;;;
etant;;;;
forte;;;;
et;;;;
hardie;;;;
et;;;;
sans;;;;
conscience;;;;
du;;;;
danger;;;;
.;;;;
Llle;;;;
se;;;;
sentait;;;;
bien;;;;
dans;;;;
ctte;;;;
eau;;;;
froide;;;;
;;;;
limpide;;;;
et;;;;
hbleue;;;;
qui;;;;
la;;;;
portait;;;;
en;;;;
la;;;;
ba-;;;;
langant;;;;
.;;;;
Lorsqu';;;;
elle;;;;
etait;;;;
loin;;;;
du;;;;
rivaige;;;;
;;;;
elle;;;;
se;;;;
mettait;;;;
sur;;;;
le;;;;
dos;;;;
;;;;
les;;;;
bras;;;;
croises;;;;
sur;;;;
sa;;;;
poitrine;;;;
;;;;
les;;;;
yeux;;;;
perdus;;;;
dans;;;;
l';;;;
azur;;;;
profond;;;;
du;;;;
iel;;;;
ue;;;;
traNer-;;;;
sait;;;;
vite;;;;
un;;;;
vol;;;;
d';;;;
hirondelle;;;;
;;;;
ou;;;;
la;;;;
silhouette;;;;
blanehe;;;;
d';;;;
un;;;;
oiseau;;;;
de;;;;
mer;;;;
.;;;;
On;;;;
n';;;;
entendait;;;;
plu;;;;
ucun;;;;
brt;;;;
que;;;;
le;;;;
murmure;;;;
eloigne;;;;
du;;;;
flot;;;;
contrelegletet;;;;
une;;;;
vague;;;;
rumeur;;;;
de;;;;
la;;;;
terre;;;;
glissant;;;;
eeore;;;;
surUNE;;;;
VIE;;;;
les;;;;
ondulations;;;;
des;;;;
vagues;;;;
;;;;
mais;;;;
confuse;;;;
;;;;
presque;;;;
insaisissable;;;;
.;;;;
Et;;;;
puis;;;;
Jeanne;;;;
se;;;;
redressait;;;;
et;;;;
;;;;
dans;;;;
un;;;;
affolement;;;;
de;;;;
joie;;;;
;;;;
poussait;;;;
des;;;;
cris;;;;
aigus;;;;
en;;;;
bat-;;;;
tant;;;;
l';;;;
eau;;;;
de;;;;
ses;;;;
deux;;;;
mains;;;;
.;;;;
Quelquefois;;;;
;;;;
quand;;;;
elle;;;;
s';;;;
aventurait;;;;
trop;;;;
loin;;;;
;;;;
une;;;;
barque;;;;
venait;;;;
la;;;;
chercher;;;;
.;;;;
Ellerentrait;;;;
au;;;;
chteau;;;;
;;;;
pale;;;;
de;;;;
faim;;;;
;;;;
mais;;;;
legere;;;;
;;;;
lerte;;;;
;;;;
du;;;;
sourire;;;;
a;;;;
la;;;;
levre;;;;
et;;;;
du;;;;
bonheur;;;;
plein;;;;
les;;;;
yex;;;;
.;;;;
Le;;;;
baron;;;;
de;;;;
son;;;;
cte;;;;
meditait;;;;
de;;;;
grandes;;;;
entre-;;;;
prises;;;;
agricoles;;;;
;;;;
il;;;;
voulait;;;;
faire;;;;
des;;;;
essais;;;;
;;;;
orga-;;;;
iser;;;;
le;;;;
progres;;;;
;;;;
experimenter;;;;
des;;;;
instruments;;;;
nou-;;;;
Yeaux;;;;
;;;;
acelimater;;;;
des;;;;
races;;;;
etrangPres;;;;
;;;;
et;;;;
il;;;;
passait;;;;
ne;;;;
partie;;;;
de;;;;
ses;;;;
journees;;;;
en;;;;
conversation;;;;
avec;;;;
les;;;;
ysans;;;;
qui;;;;
hochaient;;;;
la;;;;
tete;;;;
;;;;
incredules;;;;
ses;;;;
ten-;;;;
ixes;;;;
.;;;;
Roeuent;;;;
aussi;;;;
il;;;;
allait;;;;
en;;;;
mer;;;;
avee;;;;
les;;;;
matelots;;;;
rt;;;;
.;;;;
uand;;;;
il;;;;
eut;;;;
visite;;;;
les;;;;
grottes;;;;
;;;;
les;;;;
fontaines;;;;
els;;;;
aiguilles;;;;
des;;;;
environs;;;;
;;;;
il;;;;
voulut;;;;
pecher;;;;
comme;;;;
nsiple;;;;
marin;;;;
.;;;;
Dans;;;;
les;;;;
jours;;;;
de;;;;
brise;;;;
;;;;
lorsque;;;;
la;;;;
voile;;;;
pleine;;;;
de;;;;
ent;;;;
fait;;;;
courir;;;;
sur;;;;
le;;;;
dos;;;;
des;;;;
vagues;;;;
la;;;;
coque;;;;
jouf-;;;;
ue;;;;
des;;;;
barques;;;;
;;;;
et;;;;
que;;;;
;;;;
par;;;;
chaque;;;;
bord;;;;
;;;;
tratne;;;;
Liuau;;;;
fond;;;;
de;;;;
la;;;;
mer;;;;
la;;;;
grande;;;;
ligne;;;;
fuyante;;;;
que;;;;
ersuivent;;;;
les;;;;
hordes;;;;
de;;;;
maquereaux;;;;
;;;;
il;;;;
tenait;;;;
anss;;;;
main;;;;
tremblante;;;;
d';;;;
anxiete;;;;
la;;;;
petite;;;;
corde;;;;
on;;;;
sent;;;;
vibrer;;;;
sitot;;;;
qu';;;;
un;;;;
poisson;;;;
pris;;;;
se;;;;
debat;;;;
.;;;;
prtait;;;;
au;;;;
clair;;;;
de;;;;
lune;;;;
pour;;;;
lever;;;;
les;;;;
nlets;;;;
oea;;;;
veille;;;;
.;;;;
Il;;;;
aimait;;;;
a;;;;
entendre;;;;
crauer;;;;
le;;;;
mt;;;;
;;;;
UYE;;;;
VIE;;;;
respirer;;;;
les;;;;
rafales;;;;
sifflantes;;;;
et;;;;
fratches;;;;
de;;;;
la;;;;
nuit;;;;
;;;;
et;;;;
;;;;
aprbs;;;;
avoir;;;;
longtemps;;;;
louvoye;;;;
pour;;;;
retrouver;;;;
les;;;;
bou6es;;;;
en;;;;
se;;;;
guidant;;;;
sur;;;;
une;;;;
crete;;;;
de;;;;
roche;;;;
;;;;
le;;;;
toit;;;;
d';;;;
un;;;;
clocher;;;;
et;;;;
le;;;;
phare;;;;
de;;;;
Fecamp;;;;
;;;;
il;;;;
jouis-;;;;
sait;;;;
demeurer;;;;
immobile;;;;
sous;;;;
les;;;;
premiers;;;;
feux;;;;
du;;;;
soleil;;;;
levant;;;;
qui;;;;
faisait;;;;
reluire;;;;
sur;;;;
le;;;;
pont;;;;
du;;;;
bateau;;;;
le;;;;
dos;;;;
gluant;;;;
des;;;;
larges;;;;
raies;;;;
en;;;;
eventail;;;;
et;;;;
le;;;;
ventre;;;;
gras;;;;
des;;;;
turbots;;;;
.;;;;
A;;;;
chaque;;;;
repas;;;;
;;;;
il;;;;
racontait;;;;
avec;;;;
enthousiasme;;;;
ses;;;;
promenades;;;;
;;;;
et;;;;
petite;;;;
mere;;;;
son;;;;
tour;;;;
luidisait;;;;
combien;;;;
de;;;;
fois;;;;
elle;;;;
avait;;;;
parcouru;;;;
la;;;;
grande;;;;
allee;;;;
de;;;;
peuples;;;;
;;;;
celle;;;;
de;;;;
droite;;;;
;;;;
contre;;;;
la;;;;
ferme;;;;
des;;;;
Couillard;;;;
;;;;
l';;;;
autre;;;;
n';;;;
ayant;;;;
pas;;;;
assez;;;;
de;;;;
soleil;;;;
.;;;;
Comme;;;;
on;;;;
lui;;;;
avait;;;;
recommand6;;;;
de;;;;
prendre;;;;
;;;;
du;;;;
mouvement;;;;
n;;;;
;;;;
elle;;;;
s';;;;
acharnait;;;;
a;;;;
marcher;;;;
.;;;;
Des;;;;
e;;;;
la;;;;
fratcheur;;;;
de;;;;
la;;;;
nuit;;;;
s';;;;
etait;;;;
dissipee;;;;
;;;;
elle;;;;
desen-;;;;
dait;;;;
;;;;
appuyee;;;;
sur;;;;
le;;;;
bras;;;;
de;;;;
Rosalie;;;;
;;;;
envelappee;;;;
d';;;;
une;;;;
mante;;;;
et;;;;
de;;;;
denx;;;;
chles;;;;
;;;;
et;;;;
la;;;;
tete;;;;
etufee;;;;
d';;;;
une;;;;
capeline;;;;
noire;;;;
que;;;;
reeoivrait;;;;
eneore;;;;
iiticot;;;;
rouge;;;;
.;;;;
Alors;;;;
;;;;
tralnant;;;;
son;;;;
pied;;;;
gaielie;;;;
;;;;
un;;;;
peuplus;;;;
I;;;;
et;;;;
qui;;;;
avait;;;;
deja;;;;
traee;;;;
;;;;
dans;;;;
toute;;;;
lalongeuir;;;;
chemin;;;;
;;;;
';;;;
un;;;;
a;;;;
l';;;;
aller;;;;
;;;;
lautre;;;;
au;;;;
retour;;;;
;;;;
deixsillons;;;;
pouidreux;;;;
oh;;;;
lherbe;;;;
6tait;;;;
mnorte;;;;
;;;;
elle;;;;
reeommendait;;;;
sans;;;;
fin;;;;
un;;;;
intermiable;;;;
';;;;
voyage;;;;
en.ligne;;;;
';;;;
doie;;;;
depuis;;;;
lencoigrure;;;;
du;;;;
ehatealu;;;;
jusu';;;;
aux;;;;
premiers;;;;
arbustes;;;;
du;;;;
bosquet;;;;
.;;;;
Elle;;;;
avait;;;;
fait;;;;
placer;;;;
un;;;;
ane;;;;
chaque;;;;
extremite;;;;
de;;;;
cette;;;;
piste;;;;
;;;;
et;;;;
toutes;;;;
les;;;;
cina;;;;
minutes;;;;
.;;;;
elle;;;;
s';;;;
arretait;;;;
;;;;
disant;;;;
la;;;;
pauvre;;;;
bonneUNE;;;;
V1E;;;;
patiente;;;;
qui;;;;
la;;;;
soutenait;;;;
:;;;;
a;;;;
Asseyons;;;;
-nous;;;;
;;;;
ma;;;;
fille;;;;
;;;;
je;;;;
suis;;;;
un;;;;
peu;;;;
lasse;;;;
.;;;;
n;;;;
Et;;;;
chaque;;;;
arret;;;;
elle;;;;
laissait;;;;
sur;;;;
un;;;;
des;;;;
bancs;;;;
tant0;;;;
t;;;;
le;;;;
tricot;;;;
qui;;;;
lui;;;;
couvrait;;;;
la;;;;
tete;;;;
;;;;
tant0;;;;
t;;;;
un;;;;
chle;;;;
;;;;
et;;;;
puis;;;;
l';;;;
autre;;;;
;;;;
puis;;;;
la;;;;
capeline;;;;
;;;;
puis;;;;
la;;;;
mante;;;;
;;;;
et;;;;
tout;;;;
cela;;;;
faisait;;;;
;;;;
aux;;;;
deux;;;;
bouts;;;;
de;;;;
l';;;;
allee;;;;
;;;;
deu;;;;
gros;;;;
paquets;;;;
de;;;;
vetements;;;;
que;;;;
Rosalie;;;;
rappor-;;;;
tait;;;;
sur;;;;
son;;;;
bras;;;;
libre;;;;
quand;;;;
on;;;;
rentrait;;;;
pour;;;;
de-;;;;
jeuner;;;;
.;;;;
Et;;;;
dans-;;;;
l';;;;
apres-midi;;;;
la;;;;
baronne;;;;
recommengait;;;;
dne;;;;
allure;;;;
plus;;;;
molle;;;;
;;;;
avec;;;;
des;;;;
repos;;;;
plus;;;;
allonges;;;;
;;;;
sommeillant;;;;
meme;;;;
une;;;;
heure;;;;
de;;;;
temps;;;;
en;;;;
temps;;;;
sur;;;;
une;;;;
chaise;;;;
longue;;;;
quon;;;;
lui;;;;
roulait;;;;
dehors;;;;
.;;;;
Rle;;;;
;;;;
appelait;;;;
cela;;;;
faire;;;;
a;;;;
son;;;;
exercice;;;;
n;;;;
;;;;
comme;;;;
elle;;;;
isait;;;;
mon;;;;
hypertrophie;;;;
n.;;;;
IIn;;;;
medecin;;;;
consulte;;;;
dix;;;;
ans;;;;
auparavat;;;;
parce;;;;
elle;;;;
prouvait;;;;
des;;;;
etouffements;;;;
avait;;;;
parle;;;;
d';;;;
hy-;;;;
pertrephie;;;;
.;;;;
Depuis;;;;
lors;;;;
ce;;;;
mot;;;;
;;;;
dont;;;;
elle;;;;
ne;;;;
com-;;;;
prenait;;;;
guere;;;;
la;;;;
signification;;;;
;;;;
s';;;;
etait;;;;
etabli;;;;
dans;;;;
sa;;;;
tete;;;;
.;;;;
Elle;;;;
faisait;;;;
tater;;;;
obstinement;;;;
au;;;;
baron;;;;
;;;;
a;;;;
anne;;;;
et;;;;
A;;;;
Rosalie;;;;
son;;;;
ceur;;;;
que;;;;
personne;;;;
ne;;;;
sen-;;;;
it;;;;
pls;;;;
;;;;
tant;;;;
il;;;;
6tait;;;;
enseveli;;;;
sous;;;;
la;;;;
boufflssure;;;;
de;;;;
eitrine;;;;
;;;;
mais;;;;
elle;;;;
refusait;;;;
avec;;;;
energie;;;;
de;;;;
se;;;;
iser;;;;
etaminer;;;;
par;;;;
aucun;;;;
nouveau;;;;
medecin;;;;
;;;;
de;;;;
n;;;;
nlui;;;;
deeoutt;;;;
d';;;;
autres;;;;
maladies;;;;
;;;;
et;;;;
elle;;;;
prlit;;;;
de;;;;
son;;;;
hypertrophie;;;;
a;;;;
tout;;;;
propos;;;;
et;;;;
si;;;;
ent;;;;
qu';;;;
il;;;;
semblait;;;;
gue;;;;
cette;;;;
affection;;;;
lui;;;;
ft;;;;
speiale;;;;
.;;;;
lui;;;;
appartitnt;;;;
comme;;;;
une;;;;
chose;;;;
unique;;;;
sur;;;;
auelle;;;;
les;;;;
autres;;;;
n';;;;
avaient;;;;
aueun;;;;
droit;;;;
.;;;;
2.UNE;;;;
VIE;;;;
Le;;;;
baron;;;;
disait;;;;
a;;;;
l';;;;
hypertrophie;;;;
de;;;;
ma;;;;
femmen;;;;
et;;;;
Jeanne;;;;
l';;;;
hypertrophie;;;;
de;;;;
maman;;;;
;;;;
comme;;;;
ils;;;;
auraient;;;;
dit;;;;
la;;;;
robe;;;;
;;;;
le;;;;
chapeau;;;;
;;;;
ou;;;;
le;;;;
parapluie;;;;
n.;;;;
Elle;;;;
avait;;;;
ete;;;;
fort;;;;
jolie;;;;
dans;;;;
sa;;;;
jeunesse;;;;
etplus;;;;
mince;;;;
quun;;;;
roseau;;;;
.;;;;
Apres;;;;
avoir;;;;
valse;;;;
dans;;;;
les;;;;
bras;;;;
de;;;;
tous;;;;
les;;;;
uniformes;;;;
de;;;;
l';;;;
Empire;;;;
;;;;
elle;;;;
avait;;;;
lu;;;;
Co-;;;;
rinne;;;;
qui;;;;
l';;;;
avait;;;;
fait;;;;
pleurer;;;;
;;;;
et;;;;
elle;;;;
etait;;;;
demeuree;;;;
depuis;;;;
comme;;;;
marquee;;;;
de;;;;
ce;;;;
roman;;;;
.;;;;
A;;;;
mesure;;;;
que;;;;
sa;;;;
taille;;;;
s';;;;
etait;;;;
epaissie;;;;
;;;;
son;;;;
ame;;;;
avait;;;;
pris;;;;
des;;;;
elans;;;;
plus;;;;
poetiques;;;;
;;;;
et;;;;
quand;;;;
l';;;;
ob-;;;;
site;;;;
l';;;;
eut;;;;
clouee;;;;
sur;;;;
un;;;;
fauteuil;;;;
;;;;
sa;;;;
pens6e;;;;
Vaga-;;;;
bonda;;;;
a;;;;
travers;;;;
des;;;;
aventures;;;;
tendres;;;;
dont;;;;
elle;;;;
se;;;;
eroyait;;;;
l';;;;
heroine;;;;
.;;;;
Elle;;;;
en;;;;
aait;;;;
de;;;;
preferees;;;;
qulelle;;;;
faisait;;;;
toujours;;;;
revenir;;;;
dans;;;;
ses;;;;
reves;;;;
;;;;
comme;;;;
une;;;;
hotte;;;;
musique;;;;
dont;;;;
on;;;;
remonte;;;;
la;;;;
manivelle;;;;
epte;;;;
interminablement;;;;
le;;;;
meme;;;;
air;;;;
.;;;;
Toutes;;;;
lesrmnances;;;;
langoureuses;;;;
oi;;;;
l';;;;
on;;;;
parle;;;;
de;;;;
captives;;;;
et;;;;
d';;;;
hiren-;;;;
delles;;;;
lui;;;;
mouillaient;;;;
infailliblement;;;;
les;;;;
papires;;;;
;;;;
et;;;;
elle;;;;
aimait;;;;
meme;;;;
certaines;;;;
chansons;;;;
grivoises;;;;
de;;;;
Beranger;;;;
a;;;;
cause;;;;
des;;;;
regrets;;;;
qu';;;;
elles;;;;
expriment;;;;
.;;;;
Elle;;;;
demeurait;;;;
souvent;;;;
pendant;;;;
des;;;;
heuresim-;;;;
mobile;;;;
;;;;
eloignee;;;;
dans;;;;
ses;;;;
songeries;;;;
;;;;
et;;;;
son;;;;
habita-;;;;
tion;;;;
des;;;;
Peuples;;;;
lui;;;;
plaisait;;;;
infiniment;;;;
paree;;;;
qulelle;;;;
pretit;;;;
un;;;;
d6cor;;;;
aux;;;;
romans;;;;
de;;;;
son;;;;
me;;;;
;;;;
lui;;;;
raps;;;;
lant;;;;
et;;;;
par;;;;
les;;;;
bois;;;;
d';;;;
alentour;;;;
;;;;
et;;;;
par;;;;
lalanded6;;;;
serte;;;;
;;;;
et;;;;
par;;;;
le;;;;
voisinage;;;;
de;;;;
la;;;;
mer;;;;
;;;;
les;;;;
livres.de;;;;
Walter;;;;
Scott;;;;
qu';;;;
elle;;;;
lisait;;;;
depuis;;;;
quelques;;;;
mois;;;;
...;;;;
Dans;;;;
les;;;;
jours;;;;
de;;;;
pluie;;;;
elle;;;;
restait;;;;
enfermee;;;;
en;;;;
sa;;;;
chambre;;;;
A;;;;
visiter;;;;
ce;;;;
qu';;;;
elle;;;;
appelait;;;;
ses;;;;
:;;;;
a;;;;
reli;;;;
-;;;;
UNE;;;;
V1E;;;;
ques;;;;
o.;;;;
C';;;;
taient;;;;
toutes;;;;
ses;;;;
anciennes;;;;
lettres;;;;
;;;;
les;;;;
lettres;;;;
de;;;;
son;;;;
pere;;;;
et;;;;
de;;;;
sa;;;;
mere;;;;
;;;;
les;;;;
lettres;;;;
du;;;;
ba-;;;;
roni;;;;
quand;;;;
elle;;;;
etait;;;;
sa;;;;
fiancee;;;;
;;;;
et;;;;
d';;;;
autres;;;;
encore;;;;
.;;;;
Elle;;;;
les;;;;
avait;;;;
enfermees;;;;
dans;;;;
un;;;;
secretaire;;;;
d';;;;
aca-;;;;
jou;;;;
portant;;;;
a;;;;
ses;;;;
angles;;;;
des;;;;
sphinx;;;;
de;;;;
cuivre;;;;
;;;;
et;;;;
elle;;;;
disait;;;;
d';;;;
une;;;;
voix;;;;
particuliere;;;;
:;;;;
a;;;;
Rosalie;;;;
;;;;
ma;;;;
flle;;;;
;;;;
apporte;;;;
-moi;;;;
le;;;;
tiroir;;;;
aux;;;;
souvenirs;;;;
.;;;;
n;;;;
L;;;;
petite;;;;
bonne;;;;
ouvrait;;;;
le;;;;
meuble;;;;
;;;;
prenait;;;;
le;;;;
ti-;;;;
oir;;;;
;;;;
le;;;;
posait;;;;
sur;;;;
une;;;;
chaise;;;;
h;;;;
cote;;;;
de;;;;
sa;;;;
maltresse;;;;
i;;;;
:;;;;
se;;;;
